is_match,company_type,page_handle,company_id,company_status_date,days_from_company_status_to_now,bigrams_intersection,times_prosecutor,times_defendant,times_unknown_appearences,companies_general_info_columns,changed_picture,has_website,has_top_20_website,phone,has_phone,email,has_email,number_of_likes,has_more_than_100_likes,has_more_than_10_likes,has_more_than_1_likes,checkins,were_here_count,talking_about_count,changed_cover,has_location,has_country,has_state,has_country_state,has_country_state_city,has_country_or_state_or_city,is_unclaimed,is_published,is_verified,is_permanently_closed,is_community_page,start_info,has_start_info,has_text,description_length,description_words,about_length,about_words,products_length,products_words,general_info_length,general_info_words,category,category_list,number_of_records,number_of_pages,companies_events_columns,first_event_time,last_event_time,number_of_different_months_with_events,total_events,total_attending,min_attending_per_event,max_attending_per_event,avg_attending_per_event,total_maybe,min_maybe_per_event,max_maybe_per_event,avg_maybe_per_event,total_noreply,min_noreply_per_event,max_noreply_per_event,avg_noreply_per_event,total_interested,min_interested_per_event,max_interested_per_event,avg_interested_per_event,total_declined,min_declined_per_post,max_declined_per_post,avg_declined_per_post,companies_photos,first_photo_time,last_photo_time,number_of_different_photo_uploaders,number_of_photos_self_tagged,number_of_photos_with_tagged_people_without_self,total_number_of_people_tagged_in_photos,avg_number_of_people_tagged_in_photos,min_number_of_people_tagged_in_photos,max_number_of_people_tagged_in_photos,avg_number_of_people_tagged_in_photos_when_more_than_zero,number_of_different_months_for_photos,total_photos,number_of_albums,number_of_normal_albums,number_of_wall_albums,number_of_mobile_albums,number_of_cover_albums,number_of_profile_albums,number_of_app_albums,number_of_null_albums,number_of_photos_in_normal_albums,number_of_photos_in_wall_albums,number_of_photos_in_mobile_albums,number_of_photos_in_cover_albums,number_of_photos_in_profile_albums,number_of_photos_in_app_albums,number_of_photos_in_null_albums,number_of_photos_1qr_before_status,number_of_photos_2qr_before_status,number_of_photos_3qr_before_status,number_of_photos_4qr_before_status,number_of_photos_6months_before_status,number_of_photos_12months_before_status,companies_posts_columns,companies_posts_calculation_date,days_from_last_post_to_now,days_from_last_post_to_company_status,first_post_time,last_post_time,number_of_different_months_with_posts,total_posts,total_user_changed_post_time,total_posts_with_photos,total_posts_with_photos_more_than_5_comments,total_posts_with_photos_less_than_5_comments,total_posts_with_photos_more_than_5_likes,total_posts_with_photos_less_than_5_likes,total_posts_with_link,total_posts_with_link_more_than_5_comments,total_posts_with_link_less_than_5_comments,total_posts_with_link_more_than_5_likes,total_posts_with_link_less_than_5_likes,total_user_posts,total_user_posts_more_than_5_comments,total_user_posts_less_than_5_comments,total_user_posts_more_than_5_likes,total_user_posts_less_than_5_likes,total_comments_to_user_posts,min_comments_per_user_posts,max_comments_per_user_posts,avg_comments_per_user_posts,total_likes_to_user_posts,min_likes_per_user_posts,max_likes_per_user_posts,avg_likes_per_user_posts,total_other_users_posts,total_other_users_posts_more_than_5_comments,total_other_users_posts_less_than_5_comments,total_other_users_posts_more_than_5_likes,total_other_users_posts_less_than_5_likes,total_comments_to_other_users_posts,min_comments_per_other_users_post,max_comments_per_other_users_post,avg_comments_per_other_users_post,total_likes_to_other_users_posts,min_likes_per_other_users_post,max_likes_per_other_users_post,avg_likes_per_other_users_post,companies_posts_comments_new_columns,first_time_of_post_with_comment,last_time_of_post_with_comment,number_of_different_months_with_comments,total_posts_with_comments,distinct_commentators,distinct_commentators_1qr_months_before_status,distinct_commentators_2qr_months_before_status,distinct_commentators_3qr_months_before_status,distinct_commentators_4qr_months_before_status,distinct_commentators_6months_before_status,distinct_commentators_12months_before_status,distinct_commentators_6months_after_status,companies_posts_reactions_columns,first_post_with_reaction_time,last_post_with_reaction_time,number_of_different_months_with_reactions,total_posts_with_reactions,distinct_interacting_users,distinct_interacting_users_1qr_before_status,distinct_interacting_users_2qr_before_status,distinct_interacting_users_3qr_before_status,distinct_interacting_users_4qr_before_status,distinct_interacting_users_6months_before_status,distinct_interacting_users_12months_before_status,distinct_interacting_users_6months_after_status
1,forceliquidated,4.33969E+14,511213977,11/24/2011,1678,31,0,3,0,companies_general_info_columns,1,0,0,-9557466,1,,0,56,0,1,1,0,0,0,1,1,1,0,0,0,1,FALSE,,FALSE,FALSE,,,0,0,,,,,,,,,Kitchen/Cooking,,1980,1896,companies_events_columns,11/9/2012,11/9/2012,1,1,2,2,2,2,0,0,0,0,0,0,0,0,0,0,0,0,0,0,0,0,companies_photos,7/2/2012,11/13/2012,1,0,3,6,0.071428571,0,2,2,4,84,8,5,1,0,1,1,0,0,73,7,0,3,1,0,0,0,0,0,0,0,0,companies_posts_columns,6/28/2016,737,-941,7/2/2012,6/22/2014,7,29,1,0,0,0,0,0,28,0,28,2,26,28,0,28,1,27,1,0,1,0.034482759,38,0,5,1.310344828,28,0,1,1,0,0,0,0,0,21,0,21,0.724137931,companies_posts_comments_columns,,,0,0,0,0,0,0,0,0,0,0,companies_posts_reactions_columns,7/2/2012,6/22/2014,23,29,0,0,0,0,0,0,0,0
1,forceliquidated,2.08444E+14,514119114,6/8/2011,1847,13,0,0,0,companies_general_info_columns,1,0,0,,0,,0,5369,1,1,1,93,93,4,1,1,1,0,0,0,1,FALSE,,FALSE,FALSE,,,0,1,392,157,,,,,,,Arts/Entertainment/Nightlife,Arts & Entertainment,1980,1896,companies_events_columns,,,0,0,,,,,,,,,,,,,,,,,,,,,companies_photos,4/12/2011,10/20/2015,1,77,29,146,0.151767152,0,14,1.489795918,33,962,40,36,1,1,1,1,0,0,617,157,138,33,17,0,0,168,0,0,0,168,168,companies_posts_columns,6/28/2016,233,-1614,4/12/2011,11/8/2015,46,587,68,481,0,481,12,469,487,0,487,12,475,550,0,550,13,537,89,0,4,0.151618399,610,0,12,1.039182283,550,0,37,0,37,13,0,3,0.022146508,6,0,2,0.010221465,companies_posts_comments_columns,5/6/2011,4/28/2015,23,68,44,4,0,0,0,4,4,8,companies_posts_reactions_columns,4/12/2011,11/8/2015,277,587,191,8,0,0,0,8,8,43
1,rasham,1.02081E+14,514883313,6/28/2016,0,17,0,0,0,companies_general_info_columns,1,1,1,054-219-7913,1,,0,2049,1,1,1,29,29,272,1,1,1,0,0,0,1,FALSE,,FALSE,FALSE,,,0,1,333,57,15,2,,,,,Sports/Recreation/Activities,"Sports Center,Sports Instruction,Sports Club",1980,1896,companies_events_columns,3/17/2016,3/17/2016,1,1,22,22,22,22,3,3,3,3,1,1,1,1,3,3,3,3,0,0,0,0,companies_photos,5/14/2015,12/6/2015,1,0,0,0,0,0,0,,8,76,6,2,1,1,1,1,0,0,14,52,8,1,1,0,0,0,0,29,17,0,47,companies_posts_columns,6/28/2016,18,18,5/14/2015,6/10/2016,13,128,46,80,2,78,60,20,83,2,81,62,21,115,3,112,72,43,82,0,6,0.640625,1620,0,200,12.65625,115,0,13,4,9,3,0,2,0.0234375,182,0,113,1.421875,companies_posts_comments_columns,5/14/2015,5/18/2016,11,42,49,7,6,20,14,11,36,0,companies_posts_reactions_columns,5/14/2015,6/10/2016,117,128,1456,851,38,399,253,865,1385,0
1,rasham,1.02164E+14,514248335,6/28/2016,0,8,3,0,6,companies_general_info_columns,1,0,0,"04-9837383, 04-9837382",1,,0,2469,1,1,1,0,0,19,1,1,0,0,0,0,0,FALSE,,FALSE,FALSE,,,0,1,145,21,17,3,39,6,38,6,Consulting/Business Services,,1980,1896,companies_events_columns,,,0,0,,,,,,,,,,,,,,,,,,,,,companies_photos,9/16/2010,6/14/2016,1,0,56,77,0.138240575,0,3,1.375,36,557,49,45,1,1,1,1,0,0,420,118,5,7,7,0,0,22,22,35,16,44,95,companies_posts_columns,6/28/2016,14,14,9/16/2010,6/14/2016,41,121,36,116,4,112,48,68,117,4,113,48,69,120,4,116,49,71,94,0,8,0.776859504,763,0,198,6.305785124,120,0,1,0,1,0,0,0,0,1,0,1,0.008264463,companies_posts_comments_columns,11/25/2010,5/19/2016,23,38,53,8,5,5,0,12,15,0,companies_posts_reactions_columns,9/16/2010,6/14/2016,108,121,366,45,37,23,10,68,82,0
2,rasham,1.08884E+14,515121572,6/28/2016,0,0,0,0,0,companies_general_info_columns,1,0,0,,0,,0,140,1,1,1,0,0,0,0,1,1,0,0,0,1,FALSE,,FALSE,FALSE,,,0,1,,,127,20,,,169,19,Organization,Organization,1980,1896,companies_events_columns,,,0,0,,,,,,,,,,,,,,,,,,,,,companies_photos,4/14/2010,4/14/2010,1,0,0,0,0,0,0,,1,1,1,0,0,0,0,1,0,0,0,0,0,0,1,0,0,0,0,0,0,0,0,companies_posts_columns,6/28/2016,1024,1024,4/14/2010,9/8/2013,8,11,0,2,0,2,0,2,5,0,5,0,5,8,0,8,0,8,0,0,0,0,2,0,2,0.181818182,8,0,3,0,3,0,0,0,0,0,0,0,0,companies_posts_comments_columns,,,0,0,0,0,0,0,0,0,0,0,companies_posts_reactions_columns,4/14/2010,9/8/2013,10,11,2,0,0,0,0,0,0,0
1,rasham,1.09062E+15,515004877,6/28/2016,0,1,0,0,0,companies_general_info_columns,1,1,1, 077-4131020 ,1,,0,1173,1,1,1,0,0,2,1,1,1,0,0,0,1,FALSE,,FALSE,FALSE,,,0,1,973,158,135,20,,,,,Local Business,Home Decor,1980,1896,companies_events_columns,,,0,0,,,,,,,,,,,,,,,,,,,,,companies_photos,11/12/2015,6/23/2016,1,0,0,0,0,0,0,,6,31,4,0,1,1,1,1,0,0,0,25,2,3,1,0,0,3,15,13,0,18,31,companies_posts_columns,6/28/2016,15,15,11/12/2015,6/13/2016,7,29,11,28,1,27,20,8,28,1,27,20,8,27,0,27,19,8,7,0,2,0.24137931,226,0,21,7.793103448,27,1,1,1,1,6,0,6,0.206896552,41,0,40,1.413793103,companies_posts_comments_columns,11/25/2015,4/28/2016,4,7,13,6,3,4,0,9,13,0,companies_posts_reactions_columns,11/12/2015,6/13/2016,26,29,117,42,65,30,0,101,117,0
1,forceliquidated,1.09125E+14,511098501,12/8/2014,568,2,0,11,0,companies_general_info_columns,0,0,0,03-6185133,1,,0,1,0,0,0,0,0,0,0,1,1,0,0,0,1,FALSE,,FALSE,FALSE,,,0,0,,,,,,,,,Community,,1980,1896,companies_events_columns,,,0,0,,,,,,,,,,,,,,,,,,,,,,,,,,,,,,,,,,,,,,,,,,,,,,,,,,,,,,,companies_posts_columns,6/28/2016,,,,,0,0,0,0,0,0,0,0,0,0,0,0,0,0,0,0,0,0,0,0,0,0,0,0,0,0,1,0,0,0,0,0,0,0,0,0,0,0,0,,,,,,,,,,,,,,,,,,,,,,,,,,
1,rasham,1.09181E+14,515316545,6/28/2016,0,17,0,0,0,companies_general_info_columns,1,1,1,-5472424,1,,0,10643,1,1,1,13,13,263,1,1,1,0,0,0,1,FALSE,,FALSE,FALSE,,,0,0,,,,,,,,,Home Improvement,Architect,1980,1896,companies_events_columns,,,0,0,,,,,,,,,,,,,,,,,,,,,companies_photos,11/21/2014,6/16/2016,1,1,9,11,0.053398058,0,2,1.222222222,20,206,7,3,1,1,1,1,0,0,27,167,10,1,1,0,0,17,24,16,10,41,68,companies_posts_columns,6/28/2016,19,19,11/21/2014,6/9/2016,20,154,97,139,57,82,102,37,142,57,85,103,39,106,58,48,103,3,723,0,49,4.694805195,13509,0,200,87.72077922,106,0,48,2,46,6,0,3,0.038961039,43,0,13,0.279220779,companies_posts_comments_columns,11/21/2014,5/10/2016,16,74,321,26,93,4,67,109,165,0,companies_posts_reactions_columns,11/21/2014,6/9/2016,144,154,3516,564,1144,161,682,1394,1838,0
1,forceliquidated,5.28889E+14,511825713,1/29/2014,881,13,0,7,2,companies_general_info_columns,1,0,0,0522266339-0543967327,1,,0,130,1,1,1,0,0,0,1,1,0,0,0,0,0,FALSE,,FALSE,FALSE,,12/15/1992,1,1,,,40,6,,,,,Company,,1980,1896,companies_events_columns,,,0,0,,,,,,,,,,,,,,,,,,,,,companies_photos,12/15/2014,3/10/2015,1,0,0,0,0,0,0,,2,8,4,0,1,1,1,1,0,0,0,4,2,1,1,0,0,0,0,0,0,0,0,companies_posts_columns,6/28/2016,476,-405,12/15/1992,3/10/2015,3,5,0,0,0,0,0,0,5,0,5,4,1,5,0,5,4,1,0,0,0,0,39,0,12,7.8,5,0,0,0,0,0,0,0,0,0,0,0,0,companies_posts_comments_columns,,,0,0,0,0,0,0,0,0,0,0,companies_posts_reactions_columns,12/15/1992,3/10/2015,5,5,0,0,0,0,0,0,0,0
1,forceliquidated,5.35978E+14,513210658,11/23/2005,3870,0,0,0,0,companies_general_info_columns,1,0,0,04-8448188,1,,0,27,0,1,1,0,0,0,1,1,1,0,0,0,1,FALSE,,FALSE,FALSE,,,0,1,,,93,12,,,,,Shopping/Retail,Mobile Phone Shop,1980,1896,companies_events_columns,,,0,0,,,,,,,,,,,,,,,,,,,,,companies_photos,6/17/2013,7/28/2013,1,1,1,3,0.142857143,0,2,1.5,2,21,6,3,1,0,1,1,0,0,13,6,0,1,1,0,0,0,0,0,0,0,0,companies_posts_columns,6/28/2016,1066,-2804,6/17/2013,7/28/2013,2,14,1,12,0,12,0,12,12,0,12,0,12,13,0,13,0,13,0,0,0,0,7,0,2,0.5,13,0,1,0,1,1,0,1,0.071428571,1,0,1,0.071428571,companies_posts_comments_columns,6/17/2013,6/17/2013,1,1,1,0,0,0,0,0,0,0,companies_posts_reactions_columns,6/17/2013,7/28/2013,6,14,4,0,0,0,0,0,0,0
1,forceliquidated,5.374E+14,513242412,9/2/2014,665,0,0,0,0,companies_general_info_columns,1,0,0,,0,,0,48,0,1,1,0,0,0,0,0,0,0,0,0,0,FALSE,,FALSE,FALSE,,,0,1,299,47,,,112,18,,,Industrials,,1980,1896,companies_events_columns,,,0,0,,,,,,,,,,,,,,,,,,,,,companies_photos,2/3/2014,2/16/2014,1,0,0,0,0,0,0,,1,6,3,1,1,0,0,1,0,0,3,2,0,0,1,0,0,0,0,6,0,0,6,companies_posts_columns,6/28/2016,135,-530,2/8/2014,2/14/2016,2,7,1,6,0,6,0,6,6,0,6,0,6,2,0,2,0,2,0,0,0,0,3,0,2,0.428571429,2,0,5,0,5,2,0,2,0.285714286,10,0,4,1.428571429,companies_posts_comments_columns,2/16/2014,2/16/2014,1,1,2,0,0,2,0,0,2,0,companies_posts_reactions_columns,2/8/2014,2/14/2016,6,7,8,0,0,8,0,0,8,0
1,forceliquidated,1.8355E+14,513914911,8/21/2014,677,0,1,3,0,companies_general_info_columns,1,1,1,35588980,1,,0,6756,1,1,1,3,3,20,1,1,1,0,0,0,1,FALSE,,FALSE,FALSE,,1/1/2012,1,1,209,28,67,7,,,,,Shopping/Retail,Furniture Store,1980,1896,companies_events_columns,,,0,0,,,,,,,,,,,,,,,,,,,,,companies_photos,3/27/2012,4/4/2016,1,0,2,3,0.003108808,0,2,1.5,31,965,43,39,1,1,1,1,0,0,779,88,94,3,1,0,0,0,1,35,69,1,105,companies_posts_columns,6/28/2016,54,-623,3/27/2012,5/5/2016,43,245,76,205,9,196,124,81,206,9,197,124,82,233,9,224,137,96,448,0,200,1.828571429,2007,0,187,8.191836735,233,1,11,3,9,18,0,9,0.073469388,45,0,17,0.183673469,companies_posts_comments_columns,3/27/2012,5/5/2016,29,75,339,1,16,87,3,16,92,0,companies_posts_reactions_columns,3/27/2012,5/5/2016,206,245,860,13,30,146,31,37,177,0
1,rasham,1.0689E+14,514313824,6/28/2016,0,0,0,0,0,companies_general_info_columns,1,0,0,528875083,1,,0,1067,1,1,1,0,0,16,1,1,0,0,0,0,1,FALSE,,FALSE,FALSE,,1/1/2007,1,1,652,99,146,17,,,934,134,Business Services,,1980,1896,companies_events_columns,1/2/2014,1/2/2014,1,1,5,5,5,5,0,0,0,0,10,10,10,10,0,0,0,0,0,0,0,0,companies_photos,3/23/2010,2/6/2016,1,0,0,0,0,0,0,,19,78,7,3,1,1,1,1,0,0,15,53,1,6,3,0,0,0,15,0,1,15,16,companies_posts_columns,6/28/2016,143,143,3/23/2010,2/6/2016,32,111,12,95,0,95,37,58,104,0,104,37,67,103,0,103,37,66,21,0,4,0.189189189,2452,0,190,22.09009009,103,0,8,0,8,0,0,0,0,0,0,0,0,companies_posts_comments_columns,9/29/2014,9/1/2015,6,10,12,0,0,0,1,0,1,0,companies_posts_reactions_columns,3/23/2010,2/6/2016,107,111,1425,0,1,0,312,1,313,0
1,rasham,1.01766E+14,514108232,6/28/2016,0,1,0,0,0,companies_general_info_columns,1,0,0,03-9192949,1,,0,6,0,0,1,0,0,1,0,1,0,0,0,0,1,FALSE,,FALSE,FALSE,,,0,0,,,,,,,,,Local Business,,1980,1896,companies_events_columns,,,0,0,,,,,,,,,,,,,,,,,,,,,companies_photos,6/15/2010,6/15/2010,1,0,0,0,0,0,0,,1,15,2,1,0,0,0,1,0,0,14,0,0,0,1,0,0,0,0,0,0,0,0,companies_posts_columns,6/28/2016,477,477,6/15/2010,3/9/2015,4,7,0,1,0,1,0,1,1,0,1,0,1,6,0,6,0,6,0,0,0,0,0,0,0,0,6,0,1,0,1,0,0,0,0,0,0,0,0,companies_posts_comments_columns,,,0,0,0,0,0,0,0,0,0,0,companies_posts_reactions_columns,6/15/2010,3/9/2015,5,7,0,0,0,0,0,0,0,0
1,forceliquidated,2.66688E+14,510785082,6/17/2014,742,12,0,2,0,companies_general_info_columns,1,1,1,97235445014,1,,0,923,1,1,1,5,5,0,1,1,1,0,0,0,1,FALSE,,FALSE,FALSE,,,0,1,962,160,76,13,,,,,Home Improvement,Home Improvement,1980,1896,companies_events_columns,,,0,0,,,,,,,,,,,,,,,,,,,,,companies_photos,12/19/2013,3/31/2014,1,55,23,111,1.541666667,0,11,1.947368421,4,72,4,0,1,1,1,1,0,0,0,64,6,1,1,0,0,3,69,0,0,72,72,companies_posts_columns,6/28/2016,792,50,12/19/2013,4/28/2014,5,24,10,23,1,22,23,0,23,1,22,23,0,22,1,21,22,0,16,0,5,0.666666667,403,0,33,16.79166667,22,0,2,1,1,2,0,2,0.083333333,14,0,14,0.583333333,companies_posts_comments_columns,12/19/2013,4/8/2014,5,10,16,2,14,0,0,16,16,0,companies_posts_reactions_columns,12/19/2013,4/28/2014,23,24,190,73,144,0,0,190,190,0
2,forceliquidated,2.71355E+14,513052175,12/22/2014,554,1,0,4,2,companies_general_info_columns,1,0,0,523206245,1,,0,22,0,1,1,0,0,0,0,1,1,0,0,0,1,FALSE,,FALSE,FALSE,,,0,1,,,53,8,,,,,Community,,1980,1896,companies_events_columns,,,0,0,,,,,,,,,,,,,,,,,,,,,companies_photos,9/3/2011,9/3/2011,1,0,0,0,0,0,0,,1,2,1,0,0,0,0,1,0,0,0,0,0,0,2,0,0,0,0,0,0,0,0,companies_posts_columns,6/28/2016,351,-203,10/23/2012,7/13/2015,2,2,0,0,0,0,0,0,0,0,0,0,0,1,0,1,0,1,0,0,0,0,2,0,2,1,1,0,1,0,1,0,0,0,0,0,0,0,0,companies_posts_comments_columns,,,0,0,0,0,0,0,0,0,0,0,companies_posts_reactions_columns,10/23/2012,7/13/2015,2,2,2,0,0,0,0,0,0,0
1,forceliquidated,1.25997E+14,511157687,3/4/2011,1943,8,0,0,0,companies_general_info_columns,1,0,0,9.72542E+11,1,,0,831,1,1,1,0,0,0,0,0,0,0,0,0,0,FALSE,,FALSE,FALSE,,,0,1,,,140,26,,,,,Local Business,,1980,1896,companies_events_columns,,,0,0,,,,,,,,,,,,,,,,,,,,,companies_photos,6/1/2010,6/1/2010,1,0,0,0,0,0,0,,1,1,1,0,0,0,0,1,0,0,0,0,0,0,1,0,0,0,0,0,1,0,1,companies_posts_columns,6/28/2016,686,-1257,6/7/2010,8/12/2014,3,8,2,7,0,7,1,6,7,0,7,1,6,7,0,7,1,6,2,0,1,0.25,23,0,5,2.875,7,0,1,0,1,0,0,0,0,0,0,0,0,companies_posts_comments_columns,6/7/2010,6/7/2010,1,2,1,0,0,1,0,0,1,0,companies_posts_reactions_columns,6/7/2010,8/12/2014,7,8,11,0,0,11,0,0,11,0
1,rasham,1.00156E+14,512421405,6/28/2016,0,0,0,0,0,companies_general_info_columns,1,0,0,35514869,1,,0,179,1,1,1,0,0,3,1,1,1,0,0,0,1,FALSE,,FALSE,FALSE,,,0,0,,,,,,,,,Automotive,"Auto Body Shop,DMV",1980,1896,companies_events_columns,,,0,0,,,,,,,,,,,,,,,,,,,,,companies_photos,5/3/2016,6/2/2016,1,0,1,1,0.011363636,0,1,1,2,88,4,0,1,1,1,1,0,0,0,6,80,1,1,0,0,88,0,0,0,88,88,companies_posts_columns,6/28/2016,26,26,5/3/2016,6/2/2016,2,20,6,20,0,20,14,6,20,0,20,14,6,20,0,20,14,6,4,0,2,0.2,138,0,16,6.9,20,0,0,0,0,0,0,0,0,0,0,0,0,companies_posts_comments_columns,5/4/2016,5/26/2016,1,3,4,4,0,0,0,4,4,0,companies_posts_reactions_columns,5/3/2016,6/2/2016,19,20,55,55,0,0,0,55,55,0
1,forceliquidated,4.14721E+14,512405747,6/4/2013,1120,1,0,13,3,companies_general_info_columns,1,0,0,,0,,0,44,0,1,1,0,0,0,1,0,0,0,0,0,0,FALSE,,FALSE,FALSE,,,0,1,,,20,4,,,,,Food/Beverages,,1980,1896,companies_events_columns,,,0,0,,,,,,,,,,,,,,,,,,,,,companies_photos,3/22/2012,10/21/2012,1,0,12,17,0.153153153,0,3,1.416666667,4,111,11,9,0,0,1,1,0,0,103,0,0,7,1,0,0,0,0,51,3,0,54,companies_posts_columns,6/28/2016,1346,226,3/22/2012,10/21/2012,4,54,29,51,1,50,43,8,51,1,50,43,8,52,1,51,44,8,56,0,9,1.037037037,409,0,16,7.574074074,52,0,2,0,2,0,0,0,0,0,0,0,0,companies_posts_comments_columns,3/22/2012,10/21/2012,4,27,20,0,0,18,0,0,18,0,companies_posts_reactions_columns,3/22/2012,10/21/2012,14,54,59,0,0,58,6,0,58,0
1,rasham,1.03138E+14,512044561,6/28/2016,0,0,0,0,0,companies_general_info_columns,1,1,1,26521520,1,,0,962,1,1,1,0,0,1,1,1,1,0,0,0,1,FALSE,,FALSE,FALSE,,1/1/1990,1,1,459,79,33,6,79,8,,,Small Business,,1980,1896,companies_events_columns,,,0,0,,,,,,,,,,,,,,,,,,,,,companies_photos,7/25/2013,5/26/2016,1,0,0,0,0,0,0,,4,5,3,0,1,0,1,1,0,0,0,3,0,1,1,0,0,1,0,0,0,1,1,companies_posts_columns,6/28/2016,33,33,7/25/2013,5/26/2016,4,5,1,3,0,3,0,3,3,0,3,0,3,3,0,3,0,3,0,0,0,0,6,0,4,1.2,3,0,2,0,2,1,0,1,0.2,5,0,4,1,companies_posts_comments_columns,7/22/2015,7/22/2015,1,1,1,0,0,0,1,0,1,0,companies_posts_reactions_columns,7/25/2013,5/26/2016,5,5,6,4,0,0,0,4,4,0
1,rasham,1.05362E+11,512821174,6/28/2016,0,0,0,0,0,companies_general_info_columns,1,1,1,"03-6516065, 052-3417492",1,,0,7659,1,1,1,7,7,74,1,1,1,0,0,0,1,FALSE,,FALSE,FALSE,,1/1/1999,1,1,189,27,140,21,38,6,,,Travel/Leisure,Travel Agency,1980,1896,companies_events_columns,4/26/2012,6/24/2016,30,85,131,0,8,1.541176471,186,0,9,2.188235294,1239,0,509,14.57647059,186,0,9,2.188235294,95,0,64,1.117647059,companies_photos,5/29/2009,6/19/2016,1,1337,182,1530,0.339396628,0,8,1.052993806,53,4508,175,171,1,1,1,1,0,0,3441,665,284,111,7,0,0,195,268,176,327,463,992,companies_posts_columns,6/28/2016,14,14,6/16/2011,6/14/2016,52,1552,404,1386,21,1365,436,950,1485,21,1464,437,1048,1547,21,1526,444,1103,685,0,16,0.441365979,6610,0,113,4.259020619,1547,0,5,0,5,3,0,2,0.00193299,4,0,2,0.00257732,companies_posts_comments_columns,4/4/2012,5/26/2016,50,303,217,20,27,23,30,44,83,0,companies_posts_reactions_columns,6/16/2011,6/14/2016,1205,1552,1926,152,258,228,215,354,650,0
2,forceliquidated,1.30941E+14,513833145,12/2/2014,574,14,0,0,0,companies_general_info_columns,1,1,1,03-9311644,1,,0,102,1,1,1,1,0,1,1,1,1,0,0,0,1,FALSE,,FALSE,FALSE,,,0,1,,,126,17,,,,,Engineering/Construction,Engineering/Construction,1980,1896,companies_events_columns,,,0,0,,,,,,,,,,,,,,,,,,,,,companies_photos,6/29/2010,6/2/2016,1,0,0,0,0,0,0,,9,82,8,5,1,0,1,1,0,0,69,5,0,3,5,0,0,0,0,0,2,0,2,companies_posts_columns,6/28/2016,26,-548,7/8/2010,6/2/2016,8,18,2,16,0,16,1,15,17,0,17,1,16,13,0,13,1,12,1,0,1,0.055555556,25,0,5,1.388888889,13,0,5,0,5,0,0,0,0,0,0,0,0,companies_posts_comments_columns,4/24/2016,4/24/2016,1,1,1,0,0,0,0,0,0,0,companies_posts_reactions_columns,7/8/2010,6/2/2016,13,18,10,0,0,0,0,0,0,0
1,rasham,1.00261E+14,514442292,6/28/2016,0,5,0,0,0,companies_general_info_columns,0,0,0,542828650,1,,0,13,0,1,1,0,0,0,1,1,0,0,0,0,0,FALSE,,FALSE,FALSE,,1/1/2004,1,0,,,,,,,,,Insurance Company,,1980,1896,companies_events_columns,,,0,0,,,,,,,,,,,,,,,,,,,,,companies_photos,1/13/2013,1/13/2013,1,0,0,0,0,0,0,,1,1,1,0,0,0,1,0,0,0,0,0,0,1,0,0,0,0,0,0,0,0,0,companies_posts_columns,6/28/2016,1262,1262,1/13/2013,1/13/2013,1,1,1,1,0,1,0,1,1,0,1,0,1,1,0,1,0,1,1,1,1,1,3,3,3,3,1,0,0,0,0,0,0,0,0,0,0,0,0,companies_posts_comments_columns,1/13/2013,1/13/2013,1,1,1,0,0,0,0,0,0,0,companies_posts_reactions_columns,1/13/2013,1/13/2013,1,1,3,0,0,0,0,0,0,0
1,rasham,1.00269E+14,514130798,6/28/2016,0,0,0,0,0,companies_general_info_columns,1,1,1,,0,,0,795,1,1,1,0,0,3,1,0,0,0,0,0,0,FALSE,,FALSE,FALSE,,1/1/2008,1,1,,,135,21,162,24,,,Product/Service,,1980,1896,companies_events_columns,,,0,0,,,,,,,,,,,,,,,,,,,,,companies_photos,11/9/2010,4/11/2016,1,0,0,0,0,0,0,,8,16,3,0,1,0,1,1,0,0,0,13,0,2,1,0,0,1,1,0,0,2,2,companies_posts_columns,6/28/2016,34,34,11/11/2010,5/25/2016,16,28,9,22,1,21,6,16,22,1,21,6,16,23,2,21,6,17,17,0,7,0.607142857,256,0,190,9.142857143,23,0,5,0,5,7,0,3,0.25,0,0,0,0,companies_posts_comments_columns,5/16/2013,12/30/2015,7,8,14,0,0,1,0,1,1,0,companies_posts_reactions_columns,11/11/2010,5/25/2016,28,28,223,6,3,4,0,10,13,0
1,rasham,1.09567E+14,514276534,6/28/2016,0,59,0,3,1,companies_general_info_columns,1,1,1,054-907-2407,1,,0,294,1,1,1,11,11,1,1,1,1,0,0,0,1,FALSE,,FALSE,FALSE,,,0,1,1426,223,141,25,273,41,,,Energy/Utility,Solar Energy Service,1980,1896,companies_events_columns,,,0,0,,,,,,,,,,,,,,,,,,,,,companies_photos,3/10/2011,5/17/2016,1,0,0,0,0,0,0,,22,109,6,2,1,1,1,1,0,0,18,73,7,6,5,0,0,4,0,1,3,4,8,companies_posts_columns,6/28/2016,19,19,3/10/2011,6/9/2016,38,130,14,110,0,110,9,101,113,0,113,9,104,130,0,130,9,121,20,0,3,0.153846154,231,0,9,1.776923077,130,0,0,0,0,0,0,0,0,0,0,0,0,companies_posts_comments_columns,4/9/2013,5/5/2016,9,14,6,1,0,0,0,1,1,0,companies_posts_reactions_columns,3/10/2011,6/9/2016,102,130,62,8,2,4,1,10,10,0
1,forceliquidated,3.58947E+14,511172983,10/26/2015,246,20,0,7,2,companies_general_info_columns,1,1,1,04-8411356,1,,0,255,1,1,1,0,0,2,1,1,1,0,0,0,1,FALSE,,FALSE,FALSE,,,0,1,,,43,8,,,,,Shopping/Retail,Furniture Store,1980,1896,companies_events_columns,,,0,0,,,,,,,,,,,,,,,,,,,,,companies_photos,11/18/2014,4/27/2016,1,0,0,0,0,0,0,,3,14,4,0,1,1,1,1,0,0,0,7,3,1,3,0,0,0,0,0,6,0,6,companies_posts_columns,6/28/2016,62,-184,11/18/2014,4/27/2016,4,11,4,10,0,10,3,7,10,0,10,3,7,10,0,10,3,7,8,0,3,0.727272727,33,0,6,3,10,0,1,0,1,1,0,1,0.090909091,1,0,1,0.090909091,companies_posts_comments_columns,11/25/2014,2/6/2016,3,5,5,0,0,0,5,0,5,1,companies_posts_reactions_columns,11/18/2014,4/27/2016,9,11,22,0,0,0,19,0,19,1
1,forceliquidated,1.63241E+14,510555956,4/12/1984,11765,19,0,0,0,companies_general_info_columns,1,1,1,03-6911334,1,,0,315,1,1,1,0,0,10,1,1,0,0,0,0,1,FALSE,,FALSE,FALSE,,1/1/2008,1,1,,,70,12,,,81,15,Local Business,,1980,1896,companies_events_columns,,,0,0,,,,,,,,,,,,,,,,,,,,,companies_photos,10/24/2010,6/8/2016,1,0,0,0,0,0,0,,25,45,4,0,1,1,1,1,0,0,0,30,7,5,3,0,0,0,0,0,0,0,0,companies_posts_columns,6/28/2016,20,-11745,10/21/2010,6/8/2016,47,140,38,83,0,83,19,64,111,0,111,24,87,130,0,130,38,92,37,0,3,0.264285714,432,0,22,3.085714286,130,0,10,1,9,0,0,0,0,16,0,10,0.114285714,companies_posts_comments_columns,10/21/2010,6/8/2016,21,24,17,0,0,0,0,0,0,0,companies_posts_reactions_columns,10/21/2010,6/8/2016,124,140,159,0,0,0,0,0,0,0
1,rasham,1.03394E+14,511746240,6/28/2016,0,1,0,0,0,companies_general_info_columns,1,0,0,35289947,1,,0,89,0,1,1,0,0,0,0,1,1,0,0,0,1,FALSE,,FALSE,FALSE,,4/1/1982,1,1,88,16,16,3,,,,,Food/Grocery,Food & Grocery,1980,1896,companies_events_columns,,,0,0,,,,,,,,,,,,,,,,,,,,,companies_photos,9/16/2012,1/4/2016,1,0,2,3,0.176470588,0,2,1.5,12,17,3,0,1,1,0,1,0,0,0,8,7,0,2,0,0,0,1,0,0,1,1,companies_posts_columns,6/28/2016,48,48,4/1/1982,5/11/2016,16,25,3,18,0,18,3,15,18,0,18,3,15,23,0,23,4,19,3,0,2,0.12,59,0,11,2.36,23,0,2,0,2,1,0,1,0.04,3,0,3,0.12,companies_posts_comments_columns,9/16/2012,2/5/2015,2,3,3,0,0,0,0,0,0,0,companies_posts_reactions_columns,4/1/1982,5/11/2016,22,25,25,1,0,0,0,1,1,0
1,rasham,1.08071E+14,512990847,6/28/2016,0,0,0,1,0,companies_general_info_columns,1,1,1,546710090,1,,0,117,1,1,1,0,0,0,0,1,1,0,0,0,1,FALSE,,FALSE,FALSE,,,0,0,,,,,,,,,Transportation,Transportation,1980,1896,companies_events_columns,,,0,0,,,,,,,,,,,,,,,,,,,,,companies_photos,12/4/2012,3/9/2015,1,0,2,4,1.333333333,0,2,2,2,3,2,0,0,1,0,1,0,0,0,0,2,0,1,0,0,0,0,0,0,0,0,companies_posts_columns,6/28/2016,477,477,1/2/2013,3/9/2015,4,5,1,3,0,3,2,1,3,0,3,2,1,2,0,2,1,1,1,0,1,0.2,13,0,12,2.6,2,0,3,2,1,0,0,0,0,18,0,10,3.6,companies_posts_comments_columns,3/9/2015,3/9/2015,1,1,1,0,0,0,0,0,0,0,companies_posts_reactions_columns,1/2/2013,3/9/2015,5,5,12,0,0,0,0,0,0,0
1,rasham,1.08071E+14,514073204,6/28/2016,0,0,0,0,3,companies_general_info_columns,1,1,1,546710090,1,,0,117,1,1,1,0,0,0,0,1,1,0,0,0,1,FALSE,,FALSE,FALSE,,,0,0,,,,,,,,,Transportation,Transportation,1980,1896,companies_events_columns,,,0,0,,,,,,,,,,,,,,,,,,,,,companies_photos,12/4/2012,3/9/2015,1,0,2,4,1.333333333,0,2,2,2,3,2,0,0,1,0,1,0,0,0,0,2,0,1,0,0,0,0,0,0,0,0,companies_posts_columns,6/28/2016,477,477,1/2/2013,3/9/2015,4,5,1,3,0,3,2,1,3,0,3,2,1,2,0,2,1,1,1,0,1,0.2,13,0,12,2.6,2,0,3,2,1,0,0,0,0,18,0,10,3.6,companies_posts_comments_columns,3/9/2015,3/9/2015,1,1,1,0,0,0,0,0,0,0,companies_posts_reactions_columns,1/2/2013,3/9/2015,5,5,12,0,0,0,0,0,0,0
1,rasham,1.08118E+14,511219537,6/28/2016,0,0,0,19,0,companies_general_info_columns,1,1,1,39636066,1,,0,39,0,1,1,0,0,0,0,1,1,0,0,0,1,FALSE,,FALSE,FALSE,,,0,1,676,109,34,6,,,266,41,Local Business,,1980,1896,companies_events_columns,,,0,0,,,,,,,,,,,,,,,,,,,,,companies_photos,5/8/2011,5/24/2011,1,0,0,0,0,0,0,,1,2,1,0,0,0,0,1,0,0,0,0,0,0,2,0,0,0,0,0,0,0,0,companies_posts_columns,6/28/2016,245,245,5/15/2011,10/27/2015,7,12,3,7,0,7,1,6,7,0,7,1,6,0,0,0,0,0,0,0,0,0,0,0,0,0,0,0,12,1,11,2,0,1,0.166666667,11,0,5,0.916666667,companies_posts_comments_columns,5/15/2011,10/25/2015,2,2,2,0,0,1,0,0,1,0,companies_posts_reactions_columns,5/15/2011,10/27/2015,9,12,5,0,0,5,0,0,5,0
1,forceliquidated,2.44782E+14,513901751,9/25/2015,277,0,0,9,0,companies_general_info_columns,1,0,0,08-8658817,1,,0,13,0,1,1,0,0,0,1,1,0,0,0,0,0,FALSE,,FALSE,FALSE,,,0,1,162,25,14,2,,,473,87,Local Business,,1980,1896,companies_events_columns,,,0,0,,,,,,,,,,,,,,,,,,,,,companies_photos,11/10/2012,11/10/2012,1,0,0,0,0,0,0,,1,7,3,1,0,0,1,1,0,0,5,0,0,1,1,0,0,0,0,0,0,0,0,companies_posts_columns,6/28/2016,1323,1046,12/14/2011,11/13/2012,2,5,0,2,0,2,0,2,3,0,3,0,3,5,0,5,0,5,0,0,0,0,2,0,2,0.4,5,0,0,0,0,0,0,0,0,0,0,0,0,companies_posts_comments_columns,,,0,0,0,0,0,0,0,0,0,0,companies_posts_reactions_columns,12/14/2011,11/13/2012,4,5,2,0,0,0,0,0,0,0
1,rasham,1.05559E+14,511432668,6/28/2016,0,14,0,1,0,companies_general_info_columns,1,1,1,1-700-50-30-30,1,,0,179,1,1,1,0,0,2,1,1,1,0,0,0,1,FALSE,,FALSE,FALSE,,5/7/1989,1,1,,,149,17,,,,,Local Business,,1980,1896,companies_events_columns,,,0,0,,,,,,,,,,,,,,,,,,,,,companies_photos,5/21/2010,5/30/2016,1,0,4,9,0.055900621,0,6,2.25,23,161,13,9,1,1,1,1,0,0,120,30,2,4,5,0,0,1,4,4,0,5,9,companies_posts_columns,6/28/2016,29,29,5/7/1989,5/30/2016,44,95,15,84,0,84,29,55,91,0,91,29,62,95,0,95,30,65,14,0,3,0.147368421,325,0,16,3.421052632,95,0,0,0,0,0,0,0,0,0,0,0,0,companies_posts_comments_columns,7/14/2010,12/23/2015,10,10,10,0,0,2,0,0,2,0,companies_posts_reactions_columns,5/7/1989,5/30/2016,80,95,67,3,27,16,8,27,37,0
2,forceliquidated,1.16487E+14,511895450,7/13/2015,351,0,0,6,0,companies_general_info_columns,0,0,0,,0,,0,80,0,1,1,0,0,0,0,0,0,0,0,0,0,FALSE,,FALSE,FALSE,,,0,1,,,74,12,,,,,Restaurant/Cafe,,1980,1896,companies_events_columns,,,0,0,,,,,,,,,,,,,,,,,,,,,,,,,,,,,,,,,,,,,,,,,,,,,,,,,,,,,,,companies_posts_columns,6/28/2016,66,-285,4/22/2010,4/23/2016,2,4,1,1,1,0,1,0,1,1,0,1,0,0,0,0,0,0,0,0,0,0,0,0,0,0,0,1,3,1,3,6,0,6,1.5,7,0,6,1.75,companies_posts_comments_columns,4/1/2016,4/1/2016,1,1,4,0,0,0,0,0,0,0,companies_posts_reactions_columns,4/22/2010,4/23/2016,3,4,7,0,0,0,0,0,0,0
1,forceliquidated,1.73953E+14,513527978,7/6/2015,358,15,13,17,15,companies_general_info_columns,1,0,0,03-6832702 /057-7746485,1,,0,206,1,1,1,0,0,0,1,1,1,0,0,0,1,FALSE,,FALSE,FALSE,,,0,1,591,87,128,20,,,,,Transportation,Transportation,1980,1896,companies_events_columns,,,0,0,,,,,,,,,,,,,,,,,,,,,companies_photos,3/22/2011,1/2/2013,1,66,63,299,3.02020202,0,7,4.53030303,5,99,24,22,0,0,1,1,0,0,86,0,0,1,12,0,0,0,0,0,0,0,0,companies_posts_columns,6/28/2016,1273,915,3/22/2011,1/2/2013,8,80,8,70,0,70,3,67,78,0,78,3,75,78,0,78,3,75,11,0,3,0.1375,70,0,10,0.875,78,0,2,0,2,0,0,0,0,1,0,1,0.0125,companies_posts_comments_columns,3/22/2011,4/17/2011,2,8,4,0,0,0,0,0,0,0,companies_posts_reactions_columns,3/22/2011,1/2/2013,64,80,29,0,0,0,0,0,0,0
2,forceliquidated,2.80651E+14,514641885,7/24/2013,1070,22,0,4,1,companies_general_info_columns,1,0,0,1-700-700-629,1,,0,1119,1,1,1,0,0,0,0,1,0,0,0,0,0,FALSE,,FALSE,FALSE,,,0,1,,,66,10,,,,,Company,,1980,1896,companies_events_columns,,,0,0,,,,,,,,,,,,,,,,,,,,,companies_photos,9/12/2011,3/2/2012,1,0,0,0,0,0,0,,6,77,8,6,1,0,0,1,0,0,53,13,0,0,11,0,0,0,0,0,0,0,0,companies_posts_columns,6/28/2016,895,-175,10/6/2011,1/15/2014,13,44,9,30,0,30,1,29,31,0,31,2,29,38,0,38,2,36,4,0,1,0.090909091,38,0,5,0.863636364,38,0,6,0,6,0,0,0,0,1,0,1,0.022727273,companies_posts_comments_columns,10/10/2011,3/2/2012,3,4,3,0,0,0,0,0,0,0,companies_posts_reactions_columns,10/6/2011,1/15/2014,29,44,17,0,0,0,1,0,1,0
1,rasham,1.09755E+14,513603282,6/28/2016,0,0,0,0,0,companies_general_info_columns,1,1,1,,0,,0,16,0,1,1,0,0,0,0,0,0,0,0,0,0,FALSE,,FALSE,FALSE,,,0,0,,,,,,,,,Product/Service,,1980,1896,companies_events_columns,,,0,0,,,,,,,,,,,,,,,,,,,,,companies_photos,11/29/2010,11/29/2010,1,0,0,0,0,0,0,,1,1,1,0,0,0,0,1,0,0,0,0,0,0,1,0,0,0,0,0,0,0,0,companies_posts_columns,6/28/2016,2038,2038,11/29/2010,11/29/2010,1,1,0,1,0,1,0,1,1,0,1,0,1,1,0,1,0,1,0,0,0,0,0,0,0,0,1,0,0,0,0,0,0,0,0,0,0,0,0,companies_posts_comments_columns,,,0,0,0,0,0,0,0,0,0,0,companies_posts_reactions_columns,11/29/2010,11/29/2010,1,1,0,0,0,0,0,0,0,0
1,forceliquidated,2.53596E+14,511431108,8/9/2002,5072,0,0,0,0,companies_general_info_columns,1,0,0,03-6595289,1,,0,52,0,1,1,1,1,1,0,1,1,0,0,0,1,FALSE,,FALSE,FALSE,,,0,1,,,51,8,,,,,Automotive,"Accessories Store,Automotive",1980,1896,companies_events_columns,,,0,0,,,,,,,,,,,,,,,,,,,,,companies_photos,12/11/2013,12/11/2013,1,0,0,0,0,0,0,,1,4,3,1,1,0,0,1,0,0,1,2,0,0,1,0,0,0,0,0,0,0,0,companies_posts_columns,6/28/2016,433,-4639,12/11/2013,4/22/2015,3,8,0,3,0,3,0,3,3,0,3,0,3,6,0,6,0,6,0,0,0,0,1,0,1,0.125,6,0,2,0,2,0,0,0,0,0,0,0,0,companies_posts_comments_columns,,,0,0,0,0,0,0,0,0,0,0,companies_posts_reactions_columns,12/11/2013,4/22/2015,6,8,1,0,0,0,0,0,0,0
1,rasham,1.00718E+14,512825225,6/28/2016,0,0,0,2,1,companies_general_info_columns,1,0,0,,0,,0,537,1,1,1,8,8,1,1,1,1,0,0,0,1,FALSE,,FALSE,FALSE,,,0,1,,,86,15,,,,,Food/Beverages,Bakery,1980,1896,companies_events_columns,1/27/2013,1/27/2013,1,1,3,3,3,3,0,0,0,0,0,0,0,0,0,0,0,0,1,1,1,1,companies_photos,1/26/2013,6/13/2016,1,0,0,0,0,0,0,,4,24,9,5,1,1,1,1,0,0,5,2,12,2,3,0,0,14,0,0,0,14,14,companies_posts_columns,6/28/2016,15,15,1/27/2013,6/13/2016,7,23,11,11,0,11,4,7,12,0,12,4,8,20,0,20,7,13,10,0,2,0.434782609,94,0,30,4.086956522,20,1,2,0,3,7,0,5,0.304347826,0,0,0,0,companies_posts_comments_columns,1/27/2013,8/25/2013,3,8,4,0,0,0,0,0,0,0,companies_posts_reactions_columns,1/27/2013,6/13/2016,19,23,66,0,0,0,0,0,0,0
1,rasham,1.08474E+14,515042489,6/28/2016,0,8,0,0,0,companies_general_info_columns,1,1,1,052-424-5083,1,,0,944,1,1,1,0,0,2,1,1,1,0,0,0,1,FALSE,,FALSE,FALSE,,9/1/2015,1,1,785,116,88,11,,,,,Spas/Beauty/Personal Care,"Alternative & Holistic Health,Massage,Health Spa",1980,1896,companies_events_columns,,,0,0,,,,,,,,,,,,,,,,,,,,,companies_photos,3/6/2013,5/31/2016,1,0,0,0,0,0,0,,12,39,5,1,1,1,1,1,0,0,3,24,2,6,4,0,0,5,1,9,5,6,20,companies_posts_columns,6/28/2016,15,15,10/4/2010,6/13/2016,18,65,14,59,2,57,19,40,62,2,60,19,43,61,2,59,19,42,22,0,5,0.338461539,385,0,87,5.923076923,61,0,4,0,4,1,0,1,0.015384615,0,0,0,0,companies_posts_comments_columns,12/27/2014,11/1/2015,6,8,15,0,0,1,5,0,6,0,companies_posts_reactions_columns,10/4/2010,6/13/2016,60,65,249,8,5,48,14,10,65,0
1,rasham,1.08565E+14,514520527,6/28/2016,0,0,0,0,0,companies_general_info_columns,1,0,0,09-766-1555,1,,0,24,0,1,1,0,0,0,1,1,1,0,0,0,1,FALSE,,FALSE,FALSE,,,0,1,422,66,21,3,,,,,Business Services,Business Services,1980,1896,companies_events_columns,,,0,0,,,,,,,,,,,,,,,,,,,,,companies_photos,11/19/2012,11/19/2012,1,0,0,0,0,0,0,,1,2,2,0,0,0,1,1,0,0,0,0,0,1,1,0,0,0,0,0,0,0,0,companies_posts_columns,6/28/2016,905,905,11/19/2012,1/5/2014,2,2,0,2,0,2,0,2,2,0,2,0,2,1,0,1,0,1,0,0,0,0,1,0,1,0.5,1,0,1,0,1,0,0,0,0,0,0,0,0,companies_posts_comments_columns,,,0,0,0,0,0,0,0,0,0,0,companies_posts_reactions_columns,11/19/2012,1/5/2014,2,2,1,0,0,0,0,0,0,0
1,rasham,1.02908E+14,514076983,6/28/2016,0,0,0,0,0,companies_general_info_columns,1,0,0,0542232619   03-6961629,1,,0,909,1,1,1,0,0,7,1,1,0,0,0,0,1,FALSE,,FALSE,FALSE,,,0,1,,,105,17,302,43,,,Health/Beauty,,1980,1896,companies_events_columns,,,0,0,,,,,,,,,,,,,,,,,,,,,companies_photos,3/23/2010,5/21/2016,1,1,2,4,0.095238095,0,2,1.333333333,12,42,5,2,1,0,1,1,0,0,5,32,0,3,2,0,0,4,9,14,1,17,28,companies_posts_columns,6/28/2016,38,38,3/24/2010,5/21/2016,39,118,39,92,6,86,53,39,96,7,89,56,40,109,7,102,65,44,100,0,16,0.847457627,1394,0,131,11.81355932,109,0,9,0,9,2,0,2,0.016949153,3,0,1,0.025423729,companies_posts_comments_columns,9/26/2010,5/21/2016,19,37,69,10,11,24,1,22,42,0,companies_posts_reactions_columns,3/24/2010,5/21/2016,106,118,648,162,65,350,28,203,474,0
2,rasham,1.03018E+14,513836676,6/28/2016,0,11,0,13,0,companies_general_info_columns,1,0,0,,0,,0,73,0,1,1,0,0,0,0,0,0,0,0,0,0,FALSE,,FALSE,FALSE,,,0,0,,,,,,,,,Local Business,,1980,1896,companies_events_columns,,,0,0,,,,,,,,,,,,,,,,,,,,,companies_photos,4/18/2010,4/18/2010,1,0,0,0,0,0,0,,1,8,2,1,0,0,0,1,0,0,7,0,0,0,1,0,0,0,0,0,0,0,0,companies_posts_columns,6/28/2016,535,535,4/18/2010,1/10/2015,4,4,0,2,0,2,0,2,3,0,3,0,3,1,0,1,0,1,0,0,0,0,0,0,0,0,1,0,3,0,3,0,0,0,0,1,0,1,0.25,companies_posts_comments_columns,,,0,0,0,0,0,0,0,0,0,0,companies_posts_reactions_columns,4/18/2010,1/10/2015,4,4,0,0,0,0,0,0,0,0
1,forceliquidated,1.20002E+14,512993189,9/10/2014,657,1,0,15,3,companies_general_info_columns,1,0,0,03-5708202,1,,0,45,0,1,1,0,0,0,0,0,0,0,0,0,0,FALSE,,FALSE,FALSE,,,0,1,,,127,19,,,,,Local Business,,1980,1896,companies_events_columns,,,0,0,,,,,,,,,,,,,,,,,,,,,companies_photos,6/28/2010,10/26/2010,1,0,0,0,0,0,0,,3,109,9,7,1,0,0,1,0,0,105,2,0,0,2,0,0,0,0,0,0,0,0,companies_posts_columns,6/28/2016,1499,842,6/28/2010,5/21/2012,6,20,2,15,0,15,0,15,15,0,15,0,15,15,0,15,0,15,0,0,0,0,8,0,3,0.4,15,0,5,0,5,2,0,1,0.1,0,0,0,0,companies_posts_comments_columns,,,0,0,0,0,0,0,0,0,0,0,companies_posts_reactions_columns,6/28/2010,5/21/2012,12,20,5,0,0,0,0,0,0,0
1,rasham,1.00804E+14,514715002,6/28/2016,0,0,0,0,0,companies_general_info_columns,1,0,0,054-5506345,1,,0,1254,1,1,1,0,0,1,1,1,1,0,0,0,1,FALSE,,FALSE,FALSE,,1/1/2008,1,1,561,93,95,15,1726,270,16,2,Event Planning/Event Services,Event Planning,1980,1896,companies_events_columns,,,0,0,,,,,,,,,,,,,,,,,,,,,companies_photos,3/21/2012,2/13/2016,1,16,58,225,0.64469914,0,8,3.75,13,349,10,6,1,1,1,1,0,0,231,93,11,7,7,0,0,0,22,0,19,22,41,companies_posts_columns,6/28/2016,42,42,1/1/2008,5/17/2016,19,91,41,84,2,82,72,12,86,2,84,72,14,83,1,82,71,12,55,0,10,0.604395604,1040,0,82,11.42857143,83,1,7,4,4,30,0,26,0.32967033,291,0,200,3.197802198,companies_posts_comments_columns,3/21/2012,2/10/2016,13,30,66,0,1,0,8,1,8,0,companies_posts_reactions_columns,1/1/2008,5/17/2016,84,91,698,0,86,0,129,86,192,0
1,forceliquidated,5.94742E+14,514220631,4/20/2015,435,11,0,1,1,companies_general_info_columns,1,1,1,,0,,0,259,1,1,1,0,0,1,1,0,0,0,0,0,0,FALSE,,FALSE,FALSE,,,0,1,89,13,36,6,,,,,Vitamins/Supplements,,1980,1896,companies_events_columns,,,0,0,,,,,,,,,,,,,,,,,,,,,companies_photos,1/20/2015,6/5/2016,1,0,1,1,0.035714286,0,1,1,5,28,4,0,1,1,1,1,0,0,0,16,7,3,2,0,0,24,0,0,0,24,24,companies_posts_columns,6/28/2016,23,-412,1/20/2015,6/5/2016,5,16,9,14,0,14,12,2,14,0,14,12,2,15,0,15,13,2,6,0,2,0.375,273,0,92,17.0625,15,0,1,0,1,0,0,0,0,0,0,0,0,companies_posts_comments_columns,1/20/2015,2/16/2015,2,4,5,5,0,0,0,5,5,0,companies_posts_reactions_columns,1/20/2015,6/5/2016,16,16,132,132,0,0,0,132,132,0
1,forceliquidated,1.11259E+14,514239847,8/27/2015,306,8,0,0,0,companies_general_info_columns,1,1,1,03-7711166,1,,0,1312,1,1,1,0,0,2,1,1,0,0,0,0,1,FALSE,,FALSE,FALSE,,,0,1,,,150,6,,,,,Local Business,,1980,1896,companies_events_columns,,,0,0,,,,,,,,,,,,,,,,,,,,,companies_photos,4/7/2010,5/11/2016,1,0,111,191,0.304625199,0,9,1.720720721,50,627,22,18,1,1,1,1,0,0,446,140,32,3,6,0,0,0,0,0,0,0,1,companies_posts_columns,6/28/2016,48,-258,4/13/2010,5/11/2016,62,340,122,246,6,240,109,137,254,6,248,111,143,296,10,286,143,153,250,0,25,0.735294118,2582,0,200,7.594117647,296,2,42,1,43,46,0,6,0.135294118,47,0,8,0.138235294,companies_posts_comments_columns,4/19/2010,4/18/2016,41,114,134,0,0,0,0,0,1,3,companies_posts_reactions_columns,4/13/2010,5/11/2016,309,340,1368,0,0,0,6,0,7,79
1,forceliquidated,1.57538E+14,512576604,7/29/2015,335,0,5,10,17,companies_general_info_columns,1,1,1,09-9507151,1,,0,284,1,1,1,0,0,0,0,1,0,0,0,0,0,FALSE,,FALSE,FALSE,,,0,1,,,28,5,,,305,52,Local Business,,1980,1896,companies_events_columns,,,0,0,,,,,,,,,,,,,,,,,,,,,companies_photos,9/28/2010,5/31/2011,1,0,2,2,0.060606061,0,1,1,4,33,5,3,1,0,0,1,0,0,28,2,0,0,3,0,0,0,0,0,0,0,0,companies_posts_columns,6/28/2016,716,381,9/28/2010,7/13/2014,15,24,3,9,1,8,1,8,15,1,14,1,14,14,0,14,0,14,3,0,2,0.125,10,0,2,0.416666667,14,1,9,1,9,6,0,6,0.25,44,0,44,1.833333333,companies_posts_comments_columns,10/18/2010,7/13/2014,3,3,7,0,0,0,0,0,0,0,companies_posts_reactions_columns,9/28/2010,7/13/2014,24,24,51,0,0,0,0,0,0,0
2,rasham,1.03831E+14,514125889,6/28/2016,0,0,0,5,3,companies_general_info_columns,1,0,0,,0,,0,35,0,1,1,0,0,0,1,0,0,0,0,0,0,FALSE,,FALSE,FALSE,,1/1/2005,1,1,185,28,41,2,36,6,,,Product/Service,,1980,1896,companies_events_columns,,,0,0,,,,,,,,,,,,,,,,,,,,,companies_photos,8/7/2010,2/15/2014,1,0,0,0,0,0,0,,4,41,5,2,1,0,1,1,0,0,29,8,0,1,3,0,0,0,0,0,0,0,0,companies_posts_columns,6/28/2016,670,670,8/7/2010,8/28/2014,6,18,1,17,0,17,0,17,17,0,17,0,17,16,0,16,0,16,1,0,1,0.055555556,10,0,2,0.555555556,16,0,2,0,2,0,0,0,0,0,0,0,0,companies_posts_comments_columns,7/25/2013,7/25/2013,1,1,1,0,0,0,0,0,0,0,companies_posts_reactions_columns,8/7/2010,8/28/2014,6,18,3,0,0,0,0,0,0,0
1,rasham,1.0526E+15,515309425,6/28/2016,0,17,0,0,0,companies_general_info_columns,1,0,0,058-3315744,1,,0,315,1,1,1,0,0,0,1,1,1,0,0,0,1,FALSE,,FALSE,FALSE,,,0,1,1243,182,122,18,,,,,Health/Beauty,Health/Beauty,1980,1896,companies_events_columns,1/6/2016,1/6/2016,1,1,11,11,11,11,15,15,15,15,191,191,191,191,15,15,15,15,0,0,0,0,companies_photos,9/1/2015,5/9/2016,1,0,0,0,0,0,0,,7,10,3,0,1,0,1,1,0,0,0,7,0,2,1,0,0,1,3,2,4,4,10,companies_posts_columns,6/28/2016,50,50,9/1/2015,5/9/2016,8,10,3,10,2,8,2,8,10,2,8,2,8,9,2,7,2,7,33,0,24,3.3,402,0,200,40.2,9,0,1,0,1,0,0,0,0,0,0,0,0,companies_posts_comments_columns,10/6/2015,3/28/2016,3,3,22,0,1,21,0,1,22,0,companies_posts_reactions_columns,9/1/2015,5/9/2016,9,10,1267,4,5,1264,1,8,1267,0
1,rasham,1.05287E+14,511575433,6/28/2016,0,1,3,3,1,companies_general_info_columns,1,1,1,08-6570150,1,,0,15,0,1,1,0,0,1,0,1,0,0,0,0,0,FALSE,,FALSE,FALSE,,1/1/1991,1,1,563,87,32,6,79,10,,,Company,,1980,1896,companies_events_columns,,,0,0,,,,,,,,,,,,,,,,,,,,,companies_photos,2/7/2012,2/9/2012,1,0,0,0,0,0,0,,1,296,3,2,0,0,0,1,0,0,295,0,0,0,1,0,0,0,0,0,0,0,0,companies_posts_columns,6/28/2016,493,493,2/7/2012,2/21/2015,4,9,0,8,0,8,0,8,8,0,8,0,8,3,0,3,0,3,0,0,0,0,3,0,2,0.333333333,3,0,6,0,6,0,0,0,0,2,0,1,0.222222222,companies_posts_comments_columns,,,0,0,0,0,0,0,0,0,0,0,companies_posts_reactions_columns,2/7/2012,2/21/2015,5,9,3,0,0,0,0,0,0,0
1,rasham,1.08177E+15,513453233,6/28/2016,0,1,2,0,4,companies_general_info_columns,1,1,1,03-6836302,1,,0,10,0,0,1,2,2,1,0,1,1,0,0,0,1,FALSE,,FALSE,FALSE,,,0,1,,,,,,,278,43,Local Business,Local Business,1980,1896,companies_events_columns,,,0,0,,,,,,,,,,,,,,,,,,,,,companies_photos,12/28/2015,12/28/2015,1,0,0,0,0,0,0,,1,1,1,0,0,0,0,1,0,0,0,0,0,0,1,0,0,0,0,1,0,1,1,companies_posts_columns,6/28/2016,183,183,12/28/2015,12/28/2015,1,1,0,1,0,1,0,1,1,0,1,0,1,1,0,1,0,1,0,0,0,0,1,1,1,1,1,0,0,0,0,0,0,0,0,0,0,0,0,companies_posts_comments_columns,,,0,0,0,0,0,0,0,0,0,0,companies_posts_reactions_columns,12/28/2015,12/28/2015,1,1,1,0,0,1,0,1,1,0
1,rasham,1.01878E+14,513366179,6/28/2016,0,19,0,0,1,companies_general_info_columns,1,0,0,טלפקס: 03-6200052,1,,0,1030,1,1,1,58,58,11,1,1,1,0,0,0,1,FALSE,,FALSE,FALSE,,,0,1,39,6,26,4,,,201,27,Local Business,Local Business,1980,1896,companies_events_columns,10/9/2015,10/9/2015,1,1,30,30,30,30,2,2,2,2,95,95,95,95,2,2,2,2,3,3,3,3,companies_photos,11/23/2011,5/6/2016,1,1,4,5,0.013927577,0,1,1,43,359,45,41,1,1,1,1,0,0,144,187,18,3,7,0,0,4,5,10,8,9,28,companies_posts_columns,6/28/2016,29,29,11/23/2011,5/30/2016,46,286,142,259,30,229,169,90,260,30,230,169,91,254,30,224,173,81,391,0,13,1.367132867,2701,0,72,9.444055944,254,1,31,3,29,28,0,5,0.097902098,47,0,15,0.164335664,companies_posts_comments_columns,11/24/2011,5/30/2016,37,141,141,2,2,3,3,4,12,0,companies_posts_reactions_columns,11/23/2011,5/30/2016,217,286,578,13,21,65,36,31,126,0
2,forceliquidated,1.72108E+14,511894057,11/24/2011,1678,9,0,0,0,companies_general_info_columns,1,0,0,+972.72.212.4316 / 7,1,,0,387,1,1,1,0,0,0,1,1,1,0,0,0,1,FALSE,,FALSE,FALSE,,,0,1,1177,170,173,19,,,,,Local Business,Business Services,1980,1896,companies_events_columns,1/18/2015,1/18/2015,1,1,1,1,1,1,0,0,0,0,0,0,0,0,0,0,0,0,0,0,0,0,companies_photos,1/3/2011,3/2/2016,1,2,60,158,0.271944923,0,16,2.633333333,42,581,59,56,1,0,1,1,0,0,494,64,0,22,1,0,0,60,27,24,104,87,215,companies_posts_columns,6/28/2016,103,-1575,1/4/2011,3/17/2016,54,371,46,348,6,342,23,325,362,6,356,23,339,369,6,363,23,346,83,0,7,0.223719677,473,0,10,1.274932615,369,0,2,0,2,0,0,0,0,0,0,0,0,companies_posts_comments_columns,1/4/2011,2/19/2016,18,37,29,7,2,1,3,8,9,9,companies_posts_reactions_columns,1/4/2011,3/17/2016,287,371,115,14,6,5,3,18,21,33
1,rasham,1.05652E+14,512772146,6/28/2016,0,24,0,0,0,companies_general_info_columns,1,0,0,,0,,0,257,1,1,1,0,0,1,1,0,0,0,0,0,0,FALSE,,FALSE,FALSE,,1/1/2007,1,1,,,58,8,169,27,39,5,Product/Service,,1980,1896,companies_events_columns,,,0,0,,,,,,,,,,,,,,,,,,,,,companies_photos,1/31/2011,3/29/2012,1,0,0,0,0,0,0,,9,151,9,6,1,0,1,1,0,0,116,23,0,2,10,0,0,0,0,0,0,0,0,companies_posts_columns,6/28/2016,1552,1552,6/14/2011,3/29/2012,8,24,10,23,3,20,0,23,24,3,21,0,24,24,3,21,0,24,47,0,13,1.958333333,43,0,4,1.791666667,24,0,0,0,0,0,0,0,0,0,0,0,0,companies_posts_comments_columns,6/14/2011,3/29/2012,6,13,36,0,0,0,0,0,0,0,companies_posts_reactions_columns,6/14/2011,3/29/2012,22,24,27,0,0,0,0,0,0,0
1,forceliquidated,1.19653E+14,514255553,8/19/2014,679,26,0,4,0,companies_general_info_columns,1,1,1,03-5515949,1,,0,56,0,1,1,0,0,0,0,1,1,0,0,0,1,FALSE,,FALSE,FALSE,,,0,1,1006,144,,,,,1427,218,Local Business,Local Business,1980,1896,companies_events_columns,,,0,0,,,,,,,,,,,,,,,,,,,,,companies_photos,3/23/2011,6/10/2011,1,0,0,0,0,0,0,,4,94,10,8,1,0,0,1,0,0,89,4,0,0,1,0,0,0,0,0,0,0,0,companies_posts_columns,6/28/2016,655,-24,3/23/2011,9/12/2014,7,31,6,22,0,22,0,22,26,0,26,0,26,27,0,27,0,27,6,0,1,0.193548387,19,0,2,0.612903226,27,0,4,0,4,0,0,0,0,0,0,0,0,companies_posts_comments_columns,4/12/2011,5/26/2011,2,6,1,0,0,0,0,0,0,0,companies_posts_reactions_columns,3/23/2011,9/12/2014,24,31,6,0,0,0,0,0,0,0
1,rasham,1.0659E+14,511142598,6/28/2016,0,38,0,0,0,companies_general_info_columns,1,0,0,-7515117,1,,0,345,1,1,1,0,0,4,0,1,1,0,0,0,1,FALSE,,FALSE,FALSE,,1/1/1969,1,0,,,,,,,,,Mining/Materials,Mining/Materials,1980,1896,companies_events_columns,,,0,0,,,,,,,,,,,,,,,,,,,,,companies_photos,2/2/2011,3/9/2011,1,0,0,0,0,0,0,,2,14,3,1,1,0,0,1,0,0,8,2,0,0,4,0,0,0,0,0,0,0,0,companies_posts_columns,6/28/2016,170,170,2/9/2011,1/10/2016,8,14,3,11,0,11,1,10,12,0,12,1,11,6,0,6,1,5,5,0,4,0.357142857,18,0,7,1.285714286,6,0,8,0,8,0,0,0,0,0,0,0,0,companies_posts_comments_columns,2/9/2011,2/16/2011,1,2,4,0,0,0,0,0,0,0,companies_posts_reactions_columns,2/9/2011,1/10/2016,11,14,13,0,0,0,0,0,0,0
1,forceliquidated,2.36287E+14,513670737,8/5/2015,328,44,0,0,0,companies_general_info_columns,1,1,1,0747035511 036555100,1,,0,358,1,1,1,0,0,1,1,1,1,0,0,0,1,FALSE,,FALSE,FALSE,,1/1/2005,1,1,780,93,58,6,513,82,,,Consulting/Business Services,Consulting/Business Services,1980,1896,companies_events_columns,,,0,0,,,,,,,,,,,,,,,,,,,,,companies_photos,11/27/2012,1/25/2015,1,0,0,0,0,0,0,,12,66,4,0,1,1,1,1,0,0,0,32,20,7,7,0,0,0,0,16,29,0,45,companies_posts_columns,6/28/2016,475,147,1/1/2005,3/11/2015,24,122,12,103,0,103,9,94,107,0,107,9,98,120,0,120,10,110,5,0,1,0.040983607,527,0,200,4.319672131,120,0,2,0,2,0,0,0,0,3,0,3,0.024590164,companies_posts_comments_columns,11/27/2012,11/27/2012,1,1,1,0,0,0,0,0,0,0,companies_posts_reactions_columns,1/1/2005,3/11/2015,95,122,92,0,4,85,0,6,86,0
1,forceliquidated,3.81433E+14,514211416,10/20/2014,617,1,9,4,9,companies_general_info_columns,1,0,0,508839794,1,,0,2330,1,1,1,0,0,1,0,1,1,0,0,0,1,FALSE,,FALSE,FALSE,,,0,0,,,,,,,,,Food/Grocery,,1980,1896,companies_events_columns,,,0,0,,,,,,,,,,,,,,,,,,,,,companies_photos,11/15/2013,4/1/2014,1,0,0,0,0,0,0,,5,46,1,0,0,1,0,0,0,0,0,0,46,0,0,0,0,0,0,36,10,0,46,companies_posts_columns,6/28/2016,779,162,11/8/2013,5/11/2014,6,25,6,21,0,21,3,18,21,0,21,3,18,19,1,18,3,16,18,0,9,0.72,62,0,11,2.48,19,0,6,0,6,4,0,4,0.16,2,0,2,0.08,companies_posts_comments_columns,11/15/2013,4/20/2014,5,6,9,0,0,7,3,2,9,0,companies_posts_reactions_columns,11/8/2013,5/11/2014,16,25,38,0,3,18,24,3,38,0
1,rasham,1.04797E+14,511728164,6/28/2016,0,0,0,6,0,companies_general_info_columns,1,1,1,04-8676095,1,,0,147,1,1,1,0,0,0,1,1,1,0,0,0,1,FALSE,,FALSE,FALSE,,1/1/1962,1,1,686,116,48,9,,,,,Company,Company,1980,1896,companies_events_columns,,,0,0,,,,,,,,,,,,,,,,,,,,,companies_photos,4/4/2011,3/21/2016,1,0,36,127,0.79375,0,45,3.527777778,23,160,7,3,1,1,1,1,0,0,45,20,89,2,4,0,0,0,13,2,14,13,30,companies_posts_columns,6/28/2016,99,99,1/1/1962,3/21/2016,24,140,13,128,0,128,10,118,128,0,128,10,118,140,0,140,12,128,13,0,3,0.092857143,329,0,14,2.35,140,0,0,0,0,0,0,0,0,0,0,0,0,companies_posts_comments_columns,7/16/2014,9/10/2015,5,7,9,0,0,0,2,0,2,0,companies_posts_reactions_columns,1/1/1962,3/21/2016,63,140,70,0,6,6,14,9,21,0
2,rasham,1.03946E+14,513007658,6/28/2016,0,0,0,0,0,companies_general_info_columns,1,1,1,,0,,0,149,1,1,1,0,0,1,0,0,0,0,0,0,0,FALSE,,FALSE,FALSE,,,0,1,,,85,14,136,5,,,Website,,1980,1896,companies_events_columns,,,0,0,,,,,,,,,,,,,,,,,,,,,companies_photos,3/26/2010,3/26/2010,1,0,0,0,0,0,0,,1,1,1,0,0,0,0,1,0,0,0,0,0,0,1,0,0,0,0,0,0,0,0,companies_posts_columns,6/28/2016,1520,1520,4/7/2010,4/30/2012,14,59,3,15,0,15,0,15,57,0,57,0,57,54,0,54,0,54,4,0,2,0.06779661,0,0,0,0,54,0,5,0,5,0,0,0,0,0,0,0,0,companies_posts_comments_columns,5/3/2010,10/17/2010,3,3,4,0,0,0,0,0,0,0,companies_posts_reactions_columns,4/7/2010,4/30/2012,51,59,0,0,0,0,0,0,0,0
1,rasham,1.04072E+15,515290203,6/28/2016,0,0,0,0,0,companies_general_info_columns,1,0,0,,0,,0,3971,1,1,1,0,0,1,1,0,0,0,0,0,0,FALSE,,FALSE,FALSE,,,0,0,,,,,,,,,Consulting/Business Services,,1980,1896,companies_events_columns,,,0,0,,,,,,,,,,,,,,,,,,,,,companies_photos,11/15/2015,6/1/2016,1,0,0,0,0,0,0,,6,23,3,0,1,0,1,1,0,0,0,20,0,2,1,0,0,17,2,4,0,19,23,companies_posts_columns,6/28/2016,27,27,11/15/2015,6/1/2016,8,145,4,26,0,26,0,26,33,0,33,0,33,143,0,143,0,143,3,0,1,0.020689655,11,0,2,0.075862069,143,0,2,0,2,0,0,0,0,1,0,1,0.006896552,companies_posts_comments_columns,11/16/2015,5/24/2016,3,3,3,1,1,1,0,2,3,0,companies_posts_reactions_columns,11/15/2015,6/1/2016,41,145,8,2,4,3,0,5,8,0
1,rasham,1.04549E+14,514125509,6/28/2016,0,0,0,6,1,companies_general_info_columns,1,0,0,-8521704,1,,0,47,0,1,1,0,0,0,1,1,1,0,0,0,1,FALSE,,FALSE,FALSE,,,0,0,,,,,,,,,Event Planning/Event Services,,1980,1896,companies_events_columns,,,0,0,,,,,,,,,,,,,,,,,,,,,companies_photos,2/21/2011,3/29/2012,1,0,0,0,0,0,0,,2,3,2,0,0,0,1,1,0,0,0,0,0,1,2,0,0,0,0,0,0,0,0,companies_posts_columns,6/28/2016,775,775,3/2/2011,5/15/2014,10,10,1,6,0,6,1,5,6,0,6,1,5,2,0,2,1,1,0,0,0,0,7,0,5,0.7,2,0,8,0,8,2,0,2,0.2,4,0,4,0.4,companies_posts_comments_columns,8/5/2012,8/5/2012,1,1,2,0,0,0,0,0,0,0,companies_posts_reactions_columns,3/2/2011,5/15/2014,10,10,10,0,0,0,0,0,0,0
1,rasham,1.0457E+14,515291508,6/28/2016,0,32,0,0,0,companies_general_info_columns,1,1,1,074-7030-919,1,,0,130,1,1,1,1,1,0,1,1,1,0,0,0,1,FALSE,,FALSE,FALSE,,1/1/1998,1,1,123,19,,,,,214,34,Local Business,Local Business,1980,1896,companies_events_columns,,,0,0,,,,,,,,,,,,,,,,,,,,,companies_photos,11/23/2010,3/16/2016,1,0,0,0,0,0,0,,9,101,24,21,1,0,1,1,0,0,95,1,0,1,4,0,0,0,6,0,0,6,6,companies_posts_columns,6/28/2016,104,104,1/1/1998,3/16/2016,23,26,0,25,0,25,1,24,26,0,26,1,25,24,0,24,1,23,0,0,0,0,26,0,5,1,24,0,2,0,2,0,0,0,0,0,0,0,0,companies_posts_comments_columns,,,0,0,0,0,0,0,0,0,0,0,companies_posts_reactions_columns,1/1/1998,3/16/2016,24,26,15,0,5,0,0,5,5,0
1,rasham,1.04663E+14,513684944,6/28/2016,0,0,1,6,11,companies_general_info_columns,1,0,0,,0,,0,2,0,0,1,0,0,0,0,0,0,0,0,0,0,FALSE,,FALSE,FALSE,,,0,0,,,,,,,,,Community,,1980,1896,companies_events_columns,,,0,0,,,,,,,,,,,,,,,,,,,,,companies_photos,11/8/2011,11/8/2011,1,0,0,0,0,0,0,,1,5,2,1,0,0,0,1,0,0,4,0,0,0,1,0,0,0,0,0,0,0,0,companies_posts_columns,6/28/2016,1694,1694,11/8/2011,11/8/2011,1,1,0,1,0,1,0,1,1,0,1,0,1,1,0,1,0,1,0,0,0,0,0,0,0,0,1,0,0,0,0,0,0,0,0,0,0,0,0,companies_posts_comments_columns,,,0,0,0,0,0,0,0,0,0,0,companies_posts_reactions_columns,11/8/2011,11/8/2011,1,1,0,0,0,0,0,0,0,0
1,rasham,1.01528E+14,512343856,6/28/2016,0,12,0,0,0,companies_general_info_columns,1,0,0,528444628,1,,0,237,1,1,1,0,0,1,1,1,1,0,0,0,1,FALSE,,FALSE,FALSE,,,0,0,,,,,,,,,Local Business,Local Business,1980,1896,companies_events_columns,,,0,0,,,,,,,,,,,,,,,,,,,,,companies_photos,4/30/2012,7/2/2013,1,0,3,3,0.125,0,1,1,9,24,4,1,1,0,1,1,0,0,3,15,0,3,3,0,0,0,0,0,0,0,0,companies_posts_columns,6/28/2016,737,737,4/30/2012,6/22/2014,18,80,3,67,0,67,2,65,73,0,73,2,71,78,0,78,2,76,4,0,3,0.05,49,0,5,0.6125,78,0,2,0,2,1,0,1,0.0125,1,0,1,0.0125,companies_posts_comments_columns,5/3/2012,10/22/2012,2,3,3,0,0,0,0,0,0,0,companies_posts_reactions_columns,4/30/2012,6/22/2014,65,80,28,0,0,0,0,0,0,0
1,rasham,1.00935E+14,513428938,6/28/2016,0,0,0,0,0,companies_general_info_columns,1,0,0,524811131,1,,0,133,1,1,1,0,0,0,1,1,1,0,0,0,1,FALSE,,FALSE,FALSE,,,0,1,219,35,,,,,,,Food/Grocery,Food & Grocery,1980,1896,companies_events_columns,,,0,0,,,,,,,,,,,,,,,,,,,,,companies_photos,5/13/2012,7/24/2015,1,0,2,4,0.027972028,0,2,2,11,143,11,7,1,1,1,1,0,0,111,9,16,4,3,0,0,0,0,0,2,0,2,companies_posts_columns,6/28/2016,340,340,5/13/2012,7/24/2015,14,44,20,33,1,32,18,15,34,1,33,18,16,42,1,41,20,22,43,0,6,0.977272727,214,0,12,4.863636364,42,0,2,1,1,2,0,2,0.045454545,36,0,36,0.818181818,companies_posts_comments_columns,5/13/2012,7/24/2015,10,20,22,0,0,0,1,0,1,0,companies_posts_reactions_columns,5/13/2012,7/24/2015,34,44,95,0,0,0,12,0,12,0
1,forceliquidated,7.36214E+14,580311884,10/6/2007,3188,0,0,0,0,companies_general_info_columns,1,1,1,89170422,1,,0,109,1,1,1,0,0,27,1,1,1,0,0,0,1,FALSE,,FALSE,FALSE,,,0,1,,,101,16,,,,,Sports Team,,1980,1896,companies_events_columns,6/18/2016,6/18/2016,1,1,0,0,0,0,0,0,0,0,0,0,0,0,0,0,0,0,0,0,0,0,companies_photos,9/1/2015,6/20/2016,1,0,6,8,0.009925558,0,3,1.333333333,10,806,13,9,1,1,1,1,0,0,291,25,481,3,6,0,0,0,0,0,0,0,0,companies_posts_columns,6/28/2016,20,-3168,9/1/2015,6/8/2016,10,113,45,106,7,99,84,22,107,7,100,85,22,112,7,105,90,22,108,0,8,0.955752212,1162,0,30,10.28318584,112,0,1,0,1,1,0,1,0.008849558,0,0,0,0,companies_posts_comments_columns,10/3/2015,6/4/2016,9,45,40,0,0,0,0,0,0,0,companies_posts_reactions_columns,9/1/2015,6/8/2016,97,113,182,0,0,0,0,0,0,0
2,forceliquidated,7.37116E+14,513182170,12/15/2014,561,0,0,5,0,companies_general_info_columns,1,1,1,03-9344448,1,,0,581,1,1,1,4,4,66,1,1,1,0,0,0,1,FALSE,,FALSE,FALSE,,,0,1,160,26,25,5,,,,,Automotive,Automotive Parts & Accessories,1980,1896,companies_events_columns,,,0,0,,,,,,,,,,,,,,,,,,,,,companies_photos,9/1/2015,6/20/2016,1,0,113,350,0.835322196,0,12,3.097345133,10,419,6,2,1,1,1,1,0,0,10,169,231,8,1,0,0,0,0,0,0,0,0,companies_posts_columns,6/28/2016,13,-548,9/1/2015,6/15/2016,10,279,98,277,5,272,13,264,277,5,272,13,264,265,5,260,12,253,97,0,10,0.347670251,476,0,8,1.70609319,265,0,14,1,13,3,0,2,0.010752688,20,0,5,0.071684588,companies_posts_comments_columns,9/1/2015,5/29/2016,8,40,49,0,0,0,0,0,0,0,companies_posts_reactions_columns,9/1/2015,6/15/2016,215,279,101,0,0,0,0,0,0,0
2,forceliquidated,7.44063E+14,514566017,9/2/2014,665,0,0,8,0,companies_general_info_columns,1,0,0,,0,,0,63,0,1,1,0,0,1,1,0,0,0,0,0,0,FALSE,,FALSE,FALSE,,1/1/2006,1,1,367,57,,,,,,,Professional Services,,1980,1896,companies_events_columns,,,0,0,,,,,,,,,,,,,,,,,,,,,companies_photos,6/30/2014,6/30/2014,1,0,0,0,0,0,0,,1,9,3,0,1,0,1,1,0,0,0,5,0,2,2,0,0,9,0,0,0,9,9,companies_posts_columns,6/28/2016,728,63,6/30/2014,7/1/2014,2,6,2,5,0,5,0,5,5,0,5,0,5,5,0,5,0,5,1,0,1,0.166666667,7,0,2,1.166666667,5,0,1,0,1,0,0,0,0,1,0,1,0.166666667,companies_posts_comments_columns,6/30/2014,6/30/2014,1,1,1,1,0,0,0,1,1,0,companies_posts_reactions_columns,6/30/2014,7/1/2014,4,6,2,2,0,0,0,2,2,0
1,rasham,1.06259E+14,514631381,6/28/2016,0,0,0,0,0,companies_general_info_columns,1,1,1,,0,,0,131,1,1,1,0,0,0,1,0,0,0,0,0,0,FALSE,,FALSE,FALSE,,1/1/2008,1,1,48,7,59,9,,,,,Consulting/Business Services,,1980,1896,companies_events_columns,,,0,0,,,,,,,,,,,,,,,,,,,,,companies_photos,7/27/2010,4/30/2015,1,0,0,0,0,0,0,,19,49,4,1,1,0,1,1,0,0,7,34,0,4,4,0,0,0,0,0,0,0,0,companies_posts_columns,6/28/2016,425,425,7/27/2010,4/30/2015,26,71,6,58,1,57,2,56,63,1,62,2,61,69,1,68,2,67,7,0,5,0.098591549,189,0,109,2.661971831,69,0,2,0,2,0,0,0,0,1,0,1,0.014084507,companies_posts_comments_columns,8/18/2013,10/29/2013,2,3,7,0,0,0,0,0,0,0,companies_posts_reactions_columns,7/27/2010,4/30/2015,57,71,158,0,0,0,0,0,0,0
1,rasham,1.08602E+14,514472844,6/28/2016,0,0,0,0,0,companies_general_info_columns,1,0,0,04-9536104,1,,0,143,1,1,1,0,0,74,1,1,0,0,0,0,0,FALSE,,FALSE,FALSE,,1/1/2003,1,1,505,94,129,22,408,56,,,Engineering/Construction,,1980,1896,companies_events_columns,,,0,0,,,,,,,,,,,,,,,,,,,,,companies_photos,2/27/2011,4/17/2016,1,0,0,0,0,0,0,,11,193,5,2,1,0,1,1,0,0,179,10,0,3,1,0,0,1,0,1,2,1,4,companies_posts_columns,6/28/2016,28,28,2/27/2011,5/31/2016,43,140,10,130,0,130,38,92,138,0,138,38,100,137,0,137,38,99,13,0,3,0.092857143,2034,0,113,14.52857143,137,0,3,0,3,0,0,0,0,0,0,0,0,companies_posts_comments_columns,5/9/2013,4/17/2016,9,9,11,1,3,0,0,4,4,0,companies_posts_reactions_columns,2/27/2011,5/31/2016,117,140,979,159,343,224,139,433,673,0
1,forceliquidated,1.42842E+14,514708403,10/2/2014,635,13,0,2,1,companies_general_info_columns,1,1,1,,0,,0,11733,1,1,1,0,0,188,1,0,0,0,0,0,0,FALSE,,FALSE,FALSE,,,0,1,102,14,57,8,,,,,Clothing,,1980,1896,companies_events_columns,5/29/2014,5/29/2014,1,1,2,2,2,2,0,0,0,0,0,0,0,0,0,0,0,0,1,1,1,1,companies_photos,7/15/2010,6/22/2016,1,0,2,2,0.00257732,0,1,1,58,776,11,7,1,0,1,1,1,0,138,585,0,31,18,4,0,55,35,30,28,90,150,companies_posts_columns,6/28/2016,15,-620,7/11/2010,6/13/2016,69,966,387,907,88,819,504,403,919,88,831,505,414,966,93,873,513,453,1478,0,100,1.530020704,18750,0,200,19.40993789,966,0,0,0,0,0,0,0,0,0,0,0,0,companies_posts_comments_columns,7/15/2010,5/23/2016,61,320,547,19,9,75,16,28,109,58,companies_posts_reactions_columns,7/11/2010,6/13/2016,914,966,7728,1357,204,300,411,1505,2056,1366
1,rasham,1.05928E+14,514350198,6/28/2016,0,1,0,0,0,companies_general_info_columns,1,1,1,09-7444111,1,,0,106,1,1,1,0,0,0,1,1,0,0,0,0,0,FALSE,,FALSE,FALSE,,,0,1,276,37,27,5,,,71,13,Local Business,,1980,1896,companies_events_columns,,,0,0,,,,,,,,,,,,,,,,,,,,,companies_photos,1/5/2012,1/26/2014,1,0,0,0,0,0,0,,2,10,3,1,0,0,1,1,0,0,5,0,0,1,4,0,0,0,0,0,0,0,0,companies_posts_columns,6/28/2016,876,876,1/5/2012,2/3/2014,6,14,2,9,0,9,0,9,10,0,10,0,10,12,0,12,0,12,1,0,1,0.071428571,6,0,2,0.428571429,12,0,2,0,2,1,0,1,0.071428571,0,0,0,0,companies_posts_comments_columns,1/5/2012,2/15/2013,2,2,1,0,0,0,0,0,0,0,companies_posts_reactions_columns,1/5/2012,2/3/2014,10,14,5,0,0,0,0,0,0,0
1,forceliquidated,1.78286E+14,513486548,6/7/2010,2213,0,0,0,0,companies_general_info_columns,1,1,1,,0,,0,22,0,1,1,0,0,0,0,0,0,0,0,0,0,FALSE,,FALSE,FALSE,,,0,1,,,24,4,,,,,Community,,1980,1896,companies_events_columns,,,0,0,,,,,,,,,,,,,,,,,,,,,companies_photos,9/25/2012,9/25/2012,1,0,0,0,0,0,0,,1,1,1,0,0,0,0,1,0,0,0,0,0,0,1,0,0,0,0,0,0,0,0,companies_posts_columns,6/28/2016,424,-1789,9/25/2012,5/1/2015,3,3,1,1,0,1,0,1,1,0,1,0,1,1,0,1,0,1,1,0,1,0.333333333,2,0,2,0.666666667,1,0,2,0,2,0,0,0,0,0,0,0,0,companies_posts_comments_columns,9/25/2012,9/25/2012,1,1,1,0,0,0,0,0,0,0,companies_posts_reactions_columns,9/25/2012,5/1/2015,3,3,2,0,0,0,0,0,0,0
1,forceliquidated,1.78479E+14,512625484,7/30/2014,699,25,0,0,0,companies_general_info_columns,0,0,0,,0,,0,19,0,1,1,0,0,0,0,0,0,0,0,0,0,FALSE,,FALSE,FALSE,,,0,0,,,,,,,,,Engineering/Construction,,1980,1896,companies_events_columns,,,0,0,,,,,,,,,,,,,,,,,,,,,,,,,,,,,,,,,,,,,,,,,,,,,,,,,,,,,,,companies_posts_columns,6/28/2016,,,,,0,0,0,0,0,0,0,0,0,0,0,0,0,0,0,0,0,0,0,0,0,0,0,0,0,0,1,0,0,0,0,0,0,0,0,0,0,0,0,,,,,,,,,,,,,,,,,,,,,,,,,,
1,rasham,1.04951E+14,512567769,6/28/2016,0,0,4,5,4,companies_general_info_columns,1,1,1,,0,,0,1092,1,1,1,0,0,0,1,0,0,0,0,0,0,FALSE,,FALSE,FALSE,,,0,1,,,,,52,11,88,14,Product/Service,,1980,1896,companies_events_columns,,,0,0,,,,,,,,,,,,,,,,,,,,,companies_photos,11/24/2010,11/15/2015,1,0,0,0,0,0,0,,19,62,4,1,1,0,1,1,0,0,4,53,0,1,4,0,0,0,0,7,1,0,8,companies_posts_columns,6/28/2016,175,175,7/14/2013,1/5/2016,30,1852,21,1439,0,1439,7,1432,1732,0,1732,8,1724,1845,1,1844,12,1833,16,0,6,0.008639309,500,0,36,0.269978402,1845,0,7,0,7,1,0,1,5.40E-04,1,0,1,5.40E-04,companies_posts_comments_columns,7/16/2013,5/12/2014,6,10,10,0,0,0,0,0,0,0,companies_posts_reactions_columns,7/14/2013,1/5/2016,1275,1852,225,0,0,1,1,0,2,0
1,rasham,1.05009E+14,511362279,6/28/2016,0,0,0,0,0,companies_general_info_columns,1,1,1,,0,,0,267,1,1,1,0,0,30,1,1,1,0,0,0,1,FALSE,,FALSE,FALSE,,,0,1,,,,,,,41,6,Local Business,,1980,1896,companies_events_columns,,,0,0,,,,,,,,,,,,,,,,,,,,,companies_photos,10/18/2010,9/30/2015,1,0,96,101,0.7890625,0,4,1.052083333,19,128,6,2,1,1,1,1,0,0,91,34,1,1,1,0,0,0,0,0,2,0,2,companies_posts_columns,6/28/2016,20,20,10/18/2010,6/8/2016,47,150,34,134,7,127,23,111,141,7,134,23,118,144,7,137,23,121,101,0,11,0.673333333,418,0,28,2.786666667,144,0,6,1,5,6,0,2,0.04,7,0,5,0.046666667,companies_posts_comments_columns,10/18/2010,2/28/2015,19,34,28,0,0,0,0,0,0,0,companies_posts_reactions_columns,10/18/2010,6/8/2016,139,150,110,0,1,2,24,1,24,0
1,rasham,1.0517E+14,513736363,6/28/2016,0,19,0,0,0,companies_general_info_columns,1,1,1,08-6411122,1,,0,224,1,1,1,0,0,1,1,1,0,0,0,0,1,FALSE,,FALSE,FALSE,,1/1/1940,1,1,,,80,11,,,,,Health/Beauty,,1980,1896,companies_events_columns,8/9/2012,2/11/2015,15,133,41,0,10,0.308270677,13,0,5,0.097744361,224,0,221,1.684210526,13,0,5,0.097744361,22,0,21,0.165413534,companies_photos,8/6/2012,3/10/2016,1,0,0,0,0,0,0,,15,59,6,2,1,1,1,1,0,0,14,30,1,6,8,0,0,0,7,0,0,7,7,companies_posts_columns,6/28/2016,110,110,1/1/1940,3/10/2016,20,155,8,109,0,109,4,105,154,0,154,4,150,155,0,155,4,151,7,0,3,0.04516129,100,0,7,0.64516129,155,0,0,0,0,0,0,0,0,0,0,0,0,companies_posts_comments_columns,3/30/2015,3/10/2016,2,2,4,0,1,0,0,1,1,0,companies_posts_reactions_columns,1/1/1940,3/10/2016,80,155,36,0,13,0,0,13,13,0
1,forceliquidated,2.26638E+14,511430290,10/9/2015,263,0,0,45,4,companies_general_info_columns,1,1,1,,0,,0,4,0,0,1,0,0,0,0,0,0,0,0,0,0,FALSE,,FALSE,FALSE,,,0,0,,,,,,,,,Transport/Freight,,1980,1896,companies_events_columns,,,0,0,,,,,,,,,,,,,,,,,,,,,companies_photos,2/25/2015,2/25/2015,1,0,0,0,0,0,0,,1,1,1,0,0,0,0,1,0,0,0,0,0,0,1,0,0,0,0,1,0,0,1,companies_posts_columns,6/28/2016,489,226,2/25/2015,2/25/2015,1,1,0,1,0,1,0,1,1,0,1,0,1,1,0,1,0,1,0,0,0,0,0,0,0,0,1,0,0,0,0,0,0,0,0,0,0,0,0,companies_posts_comments_columns,,,0,0,0,0,0,0,0,0,0,0,companies_posts_reactions_columns,2/25/2015,2/25/2015,1,1,0,0,0,0,0,0,0,0
1,forceliquidated,1.34671E+14,511307589,3/20/2014,831,0,5,3,4,companies_general_info_columns,1,0,0,,0,,0,5,0,0,1,0,0,0,1,0,0,0,0,0,0,FALSE,,FALSE,FALSE,,,0,1,,,44,1,,,,,Engineering/Construction,,1980,1896,companies_events_columns,,,0,0,,,,,,,,,,,,,,,,,,,,,companies_photos,5/2/2012,6/5/2012,1,0,0,0,0,0,0,,2,6,3,0,1,0,1,1,0,0,0,2,0,2,2,0,0,0,0,0,0,0,0,companies_posts_columns,6/28/2016,1484,653,5/2/2012,6/5/2012,2,4,0,4,0,4,0,4,4,0,4,0,4,4,0,4,0,4,0,0,0,0,2,0,1,0.5,4,0,0,0,0,0,0,0,0,0,0,0,0,companies_posts_comments_columns,,,0,0,0,0,0,0,0,0,0,0,companies_posts_reactions_columns,5/2/2012,6/5/2012,4,4,2,0,0,0,0,0,0,0
2,forceliquidated,1.35268E+14,511196578,6/14/1989,9876,0,0,0,0,companies_general_info_columns,1,1,1,052-9462554,1,,0,329,1,1,1,10,10,0,1,1,1,0,0,0,1,FALSE,,FALSE,FALSE,,,0,1,30,5,,,,,294,42,Local Business,Local Business,1980,1896,companies_events_columns,,,0,0,,,,,,,,,,,,,,,,,,,,,companies_photos,1/2/2011,9/10/2015,1,1,3,47,0.602564103,0,40,15.66666667,14,78,6,3,1,0,1,1,0,0,52,23,0,2,1,0,0,0,0,0,0,0,0,companies_posts_columns,6/28/2016,174,-9702,1/2/2011,1/6/2016,21,46,12,39,1,38,18,21,40,1,39,18,22,36,1,35,16,20,22,0,5,0.47826087,201,0,27,4.369565217,36,0,10,2,8,10,0,4,0.217391304,31,0,12,0.673913044,companies_posts_comments_columns,2/26/2011,1/6/2016,11,13,24,0,0,0,0,0,0,0,companies_posts_reactions_columns,1/2/2011,1/6/2016,44,46,118,0,0,0,0,0,0,0
1,rasham,1.09632E+14,512880311,6/28/2016,0,0,0,0,0,companies_general_info_columns,1,0,0,"08-6233534, 08-6280246",1,,0,43,0,1,1,0,0,0,0,1,0,0,0,0,0,FALSE,,FALSE,FALSE,,,0,0,,,,,,,,,Community,,1980,1896,companies_events_columns,,,0,0,,,,,,,,,,,,,,,,,,,,,companies_photos,4/11/2010,4/11/2010,1,0,0,0,0,0,0,,1,1,1,0,0,0,0,1,0,0,0,0,0,0,1,0,0,0,0,0,0,0,0,companies_posts_columns,6/28/2016,2271,2271,4/10/2010,4/10/2010,1,1,0,0,0,0,0,0,0,0,0,0,0,1,0,1,0,1,0,0,0,0,1,1,1,1,1,0,0,0,0,0,0,0,0,0,0,0,0,companies_posts_comments_columns,,,0,0,0,0,0,0,0,0,0,0,companies_posts_reactions_columns,4/10/2010,4/10/2010,1,1,1,0,0,0,0,0,0,0
1,rasham,1.09679E+14,514087402,6/28/2016,0,0,0,1,0,companies_general_info_columns,1,0,0,1800252521,1,,0,144,1,1,1,0,0,0,0,1,0,0,0,0,0,FALSE,,FALSE,FALSE,,,0,1,,,27,1,,,,,Community,,1980,1896,companies_events_columns,,,0,0,,,,,,,,,,,,,,,,,,,,,companies_photos,4/8/2010,4/8/2010,1,0,0,0,0,0,0,,1,6,2,1,0,0,0,1,0,0,4,0,0,0,2,0,0,0,0,0,0,0,0,companies_posts_columns,6/28/2016,2249,2249,4/8/2010,5/2/2010,2,5,1,2,0,2,0,2,3,0,3,0,3,4,0,4,0,4,1,0,1,0.2,0,0,0,0,4,0,1,0,1,0,0,0,0,0,0,0,0,companies_posts_comments_columns,5/2/2010,5/2/2010,1,1,1,0,0,0,0,0,0,0,companies_posts_reactions_columns,4/8/2010,5/2/2010,5,5,0,0,0,0,0,0,0,0
1,forceliquidated,5.10168E+14,513719997,4/9/2013,1176,16,0,10,3,companies_general_info_columns,1,1,1,1599-55-00-09,1,,0,6196,1,1,1,0,0,16,1,0,0,0,0,0,0,FALSE,,FALSE,FALSE,,,0,1,,,87,9,,,,,Health/Beauty,,1980,1896,companies_events_columns,,,0,0,,,,,,,,,,,,,,,,,,,,,companies_photos,10/14/2013,6/22/2016,1,0,7,11,0.029649596,0,2,1.571428571,33,371,4,1,1,0,1,1,0,0,27,317,0,24,3,0,0,0,0,0,0,0,0,companies_posts_columns,6/28/2016,13,-1163,10/14/2013,6/15/2016,33,567,221,539,21,518,481,58,542,21,521,483,59,535,21,514,484,51,431,0,30,0.760141094,14203,0,200,25.04938272,535,1,31,1,31,26,0,5,0.045855379,54,0,6,0.095238095,companies_posts_comments_columns,11/3/2013,5/25/2016,26,193,228,0,0,0,0,0,0,0,companies_posts_reactions_columns,10/14/2013,6/15/2016,548,567,4605,0,0,0,0,0,0,0
2,forceliquidated,2.17266E+14,513216093,11/29/2007,3134,0,0,0,0,companies_general_info_columns,1,0,0,025-9123543 ,1,,0,38,0,1,1,0,0,1,0,1,1,0,0,0,1,FALSE,,FALSE,FALSE,,,0,1,214,55,87,15,,,198,45,Community,,1980,1896,companies_events_columns,,,0,0,,,,,,,,,,,,,,,,,,,,,companies_photos,4/13/2011,4/26/2011,1,0,0,0,0,0,0,,1,10,10,9,0,0,0,1,0,0,9,0,0,0,1,0,0,0,0,0,0,0,0,companies_posts_columns,6/28/2016,1890,-1244,4/26/2011,4/26/2011,1,9,1,9,0,9,0,9,9,0,9,0,9,9,0,9,0,9,1,0,1,0.111111111,0,0,0,0,9,0,0,0,0,0,0,0,0,0,0,0,0,companies_posts_comments_columns,4/26/2011,4/26/2011,1,1,1,0,0,0,0,0,0,0,companies_posts_reactions_columns,4/26/2011,4/26/2011,2,9,0,0,0,0,0,0,0,0
2,forceliquidated,2.17266E+14,513216093,12/30/2008,2737,0,0,0,0,companies_general_info_columns,1,0,0,025-9123543 ,1,,0,38,0,1,1,0,0,1,0,1,1,0,0,0,1,FALSE,,FALSE,FALSE,,,0,1,214,55,87,15,,,198,45,Community,,1980,1896,companies_events_columns,,,0,0,,,,,,,,,,,,,,,,,,,,,companies_photos,4/13/2011,4/26/2011,1,0,0,0,0,0,0,,1,10,10,9,0,0,0,1,0,0,9,0,0,0,1,0,0,0,0,0,0,0,0,companies_posts_columns,6/28/2016,1890,-847,4/26/2011,4/26/2011,1,9,1,9,0,9,0,9,9,0,9,0,9,9,0,9,0,9,1,0,1,0.111111111,0,0,0,0,9,0,0,0,0,0,0,0,0,0,0,0,0,companies_posts_comments_columns,4/26/2011,4/26/2011,1,1,1,0,0,0,0,0,0,0,companies_posts_reactions_columns,4/26/2011,4/26/2011,2,9,0,0,0,0,0,0,0,0
1,forceliquidated,9.65355E+14,512695727,3/27/2003,4842,0,0,0,0,companies_general_info_columns,1,1,1,03-9643766,1,,0,1,0,0,0,0,0,0,1,1,1,0,0,0,1,FALSE,,FALSE,FALSE,,,0,1,,,38,6,,,,,Shopping/Retail,Computer Store,1980,1896,companies_events_columns,,,0,0,,,,,,,,,,,,,,,,,,,,,companies_photos,12/18/2015,2/1/2016,1,0,0,0,0,0,0,,2,3,3,0,1,0,1,1,0,0,0,1,0,1,1,0,0,0,0,0,0,0,0,companies_posts_columns,6/28/2016,53,-4789,12/18/2015,5/6/2016,6,38,9,35,0,35,0,35,36,0,36,0,36,37,0,37,0,37,1,0,1,0.026315789,0,0,0,0,37,0,1,0,1,0,0,0,0,0,0,0,0,companies_posts_comments_columns,12/25/2015,12/25/2015,1,1,1,0,0,0,0,0,0,0,companies_posts_reactions_columns,12/18/2015,5/6/2016,34,38,0,0,0,0,0,0,0,0
1,rasham,1.04439E+14,514307818,6/28/2016,0,6,0,0,0,companies_general_info_columns,1,0,0,46528751,1,,0,858,1,1,1,0,0,58,1,1,1,0,0,0,1,FALSE,,FALSE,FALSE,,,0,1,382,62,124,23,,,,,Doctor,,1980,1896,companies_events_columns,,,0,0,,,,,,,,,,,,,,,,,,,,,companies_photos,5/17/2012,6/10/2016,1,0,0,0,0,0,0,,11,39,3,0,1,0,1,1,0,0,0,32,0,5,2,0,0,6,8,20,0,16,34,companies_posts_columns,6/28/2016,15,15,5/17/2012,6/13/2016,19,83,18,71,4,67,21,50,76,4,72,23,53,79,4,75,23,56,65,0,19,0.78313253,777,0,200,9.361445783,79,0,4,0,4,1,0,1,0.012048193,2,0,1,0.024096386,companies_posts_comments_columns,5/28/2012,3/9/2016,7,13,31,0,3,6,0,9,9,0,companies_posts_reactions_columns,5/17/2012,6/13/2016,81,83,325,10,44,160,0,197,197,0
1,rasham,1.0468E+14,513365924,6/28/2016,0,1,0,0,0,companies_general_info_columns,1,0,0,077-4200288,1,,0,1009,1,1,1,1,1,0,1,1,1,0,0,0,1,FALSE,,FALSE,FALSE,,,0,1,,,139,25,56,7,,,Local Business,Private Investigator,1980,1896,companies_events_columns,,,0,0,,,,,,,,,,,,,,,,,,,,,companies_photos,6/28/2010,9/28/2014,1,0,0,0,0,0,0,,15,86,5,1,1,1,1,1,0,0,1,76,3,3,3,0,0,0,0,0,0,0,0,companies_posts_columns,6/28/2016,607,607,12/20/2011,10/30/2014,17,113,36,91,3,88,56,35,95,3,92,56,39,106,4,102,61,45,70,0,8,0.619469027,902,0,75,7.982300885,106,0,7,0,7,1,0,1,0.008849558,4,0,1,0.03539823,companies_posts_comments_columns,6/25/2013,3/19/2014,9,32,41,0,0,0,0,0,0,0,companies_posts_reactions_columns,12/20/2011,10/30/2014,112,113,457,0,0,0,0,0,0,0
1,rasham,1.04732E+14,514715762,6/28/2016,0,0,0,0,2,companies_general_info_columns,1,0,0,08-6728028,1,,0,3506,1,1,1,97,97,18,1,1,1,0,0,0,1,FALSE,,FALSE,FALSE,,,0,1,,,20,1,,,,,Media/News/Publishing,Media/News/Publishing,1980,1896,companies_events_columns,,,0,0,,,,,,,,,,,,,,,,,,,,,companies_photos,2/2/2012,5/31/2016,1,1,62,211,0.565683646,0,39,3.403225806,44,373,30,26,1,1,1,1,0,0,244,97,21,6,5,0,0,2,2,13,18,5,36,companies_posts_columns,6/28/2016,28,28,2/2/2012,5/31/2016,48,201,82,190,24,166,134,56,194,24,170,135,59,196,24,172,136,60,381,0,49,1.895522388,4162,0,200,20.70646766,196,0,5,1,4,1,0,1,0.004975124,6,0,6,0.029850746,companies_posts_comments_columns,2/2/2012,4/21/2016,35,69,278,2,61,90,15,84,156,0,companies_posts_reactions_columns,2/2/2012,5/31/2016,182,201,2484,107,373,372,128,454,843,0
1,forceliquidated,4.71602E+14,514592963,3/20/2015,466,12,0,0,0,companies_general_info_columns,1,1,1,972-2-540-21-22,1,,0,4286,1,1,1,120,120,1,1,1,1,0,0,0,1,FALSE,,FALSE,FALSE,,8/1/2006,1,1,2161,362,69,12,,,158,25,Tours/Sightseeing,"Vacation Home Rental,Recreation Center,Tourist Information",1980,1896,companies_events_columns,,,0,0,,,,,,,,,,,,,,,,,,,,,companies_photos,9/18/2013,12/8/2014,1,5,160,294,0.16424581,0,18,1.803680982,16,1790,32,28,1,1,1,1,0,0,1323,367,62,16,22,0,0,0,66,275,330,67,676,companies_posts_columns,6/28/2016,568,102,8/1/2006,12/8/2014,40,427,127,423,21,402,316,107,423,21,402,316,107,421,21,400,314,107,368,0,30,0.861826698,5264,0,94,12.32786885,421,1,5,4,2,17,0,11,0.039812646,195,0,164,0.456674473,companies_posts_comments_columns,11/28/2009,12/8/2014,16,106,119,0,17,48,60,17,107,0,companies_posts_reactions_columns,8/1/2006,12/8/2014,405,427,780,0,93,384,363,93,654,0
1,rasham,1.06427E+14,514420835,6/28/2016,0,16,0,0,0,companies_general_info_columns,1,0,0,03-6914041,1,,0,171,1,1,1,0,0,2,1,1,0,0,0,0,1,FALSE,,FALSE,FALSE,,1/1/2003,1,1,169,19,127,20,103,16,,,Legal/Law,,1980,1896,companies_events_columns,,,0,0,,,,,,,,,,,,,,,,,,,,,companies_photos,2/26/2011,6/1/2013,1,0,1,26,5.2,0,26,26,3,5,3,1,0,0,1,1,0,0,2,0,0,1,2,0,0,0,0,0,0,0,0,companies_posts_columns,6/28/2016,535,535,2/26/2011,1/10/2015,9,13,2,8,0,8,2,6,10,0,10,2,8,13,0,13,2,11,2,0,1,0.153846154,19,0,7,1.461538462,13,0,0,0,0,0,0,0,0,0,0,0,0,companies_posts_comments_columns,6/11/2011,6/1/2013,2,2,2,0,0,0,0,0,0,0,companies_posts_reactions_columns,2/26/2011,1/10/2015,12,13,17,0,0,0,0,0,0,0
1,rasham,1.06448E+14,514377332,6/28/2016,0,16,0,5,1,companies_general_info_columns,1,0,0,09-7710555,1,,0,15685,1,1,1,5,5,627,1,1,1,0,0,0,1,FALSE,,FALSE,FALSE,,,0,1,1693,270,85,7,,,,,Travel/Leisure,Travel Agency,1980,1896,companies_events_columns,,,0,0,,,,,,,,,,,,,,,,,,,,,companies_photos,8/8/2010,6/13/2016,1,2,39,177,0.135944701,0,45,4.538461538,50,1302,20,16,1,1,1,1,0,0,899,291,6,86,20,0,0,22,28,13,443,51,506,companies_posts_columns,6/28/2016,15,15,8/8/2010,6/13/2016,51,582,261,547,19,528,409,138,551,19,532,409,142,575,19,556,421,154,645,0,108,1.108247423,17033,0,200,29.26632302,575,0,7,0,7,2,0,1,0.003436426,2,0,2,0.003436426,companies_posts_comments_columns,8/8/2010,5/19/2016,40,142,338,5,30,17,24,35,69,0,companies_posts_reactions_columns,8/8/2010,6/13/2016,562,582,8693,533,1038,781,897,1321,2389,0
1,rasham,1.0769E+14,514446913,6/28/2016,0,20,0,0,0,companies_general_info_columns,1,0,0,972-77-5117537,1,,0,84,0,1,1,0,0,0,1,1,1,0,0,0,1,FALSE,,FALSE,FALSE,,1/1/2006,1,1,339,53,61,10,,,286,45,Internet/Software,Internet/Software,1980,1896,companies_events_columns,,,0,0,,,,,,,,,,,,,,,,,,,,,companies_photos,5/29/2010,4/21/2016,1,0,3,7,0.102941177,0,5,2.333333333,30,68,4,0,1,1,1,1,0,0,0,37,17,4,10,0,0,1,2,0,2,3,6,companies_posts_columns,6/28/2016,68,68,12/16/2011,4/21/2016,38,80,6,69,0,69,1,68,72,0,72,1,71,79,0,79,1,78,0,0,0,0,92,0,5,1.15,79,0,1,0,1,1,0,1,0.0125,0,0,0,0,companies_posts_comments_columns,3/14/2012,3/14/2012,1,1,1,0,0,0,0,0,0,0,companies_posts_reactions_columns,12/16/2011,4/21/2016,78,80,24,5,0,0,0,5,5,0
1,forceliquidated,3.89951E+14,514734185,12/4/2015,207,5,0,0,0,companies_general_info_columns,1,0,0,,0,,0,1485,1,1,1,0,0,0,0,0,0,0,0,0,0,FALSE,,FALSE,FALSE,,,0,0,,,,,,,,,Preschool,,1980,1896,companies_events_columns,,,0,0,,,,,,,,,,,,,,,,,,,,,companies_photos,12/12/2014,8/9/2015,1,0,0,0,0,0,0,,7,3752,2,0,0,1,0,1,0,0,0,0,3750,0,2,0,0,0,1,850,2901,1,3752,companies_posts_columns,6/28/2016,56,-151,12/12/2014,5/3/2016,11,164,25,162,2,160,122,40,162,2,160,122,40,155,2,153,121,34,40,0,5,0.243902439,1158,0,22,7.06097561,155,0,9,1,8,0,0,0,0,11,0,7,0.067073171,companies_posts_comments_columns,3/9/2015,8/16/2015,4,9,11,0,1,11,0,1,11,0,companies_posts_reactions_columns,12/12/2014,5/3/2016,93,164,93,0,3,90,15,3,93,0
1,forceliquidated,3.93682E+14,511817470,9/8/2005,3946,0,0,0,0,companies_general_info_columns,1,1,1,09-9501450,1,,0,67,0,1,1,1,1,23,1,1,1,0,0,0,1,FALSE,,FALSE,FALSE,,,0,0,,,,,,,,,Food/Grocery,Meat Shop,1980,1896,companies_events_columns,,,0,0,,,,,,,,,,,,,,,,,,,,,companies_photos,1/4/2015,6/23/2016,1,0,1,1,0.038461538,0,1,1,7,26,4,0,1,1,1,1,0,0,0,19,5,1,1,0,0,0,0,0,0,0,0,companies_posts_columns,6/28/2016,34,-3912,1/4/2015,5/25/2016,8,21,4,3,0,3,0,3,18,0,18,10,8,17,0,17,10,7,2,0,1,0.095238095,94,0,15,4.476190476,17,0,4,0,4,0,0,0,0,4,0,2,0.190476191,companies_posts_comments_columns,,,0,0,0,0,0,0,0,0,0,0,companies_posts_reactions_columns,1/4/2015,5/25/2016,20,21,0,0,0,0,0,0,0,0
1,forceliquidated,2.10904E+14,514499839,3/11/2015,475,0,1,0,1,companies_general_info_columns,1,1,1,,0,,0,22,0,1,1,0,0,0,1,0,0,0,0,0,0,FALSE,,FALSE,FALSE,,,0,1,242,35,85,13,141,23,,,Jewelry/Watches,,1980,1896,companies_events_columns,,,0,0,,,,,,,,,,,,,,,,,,,,,companies_photos,10/9/2013,11/24/2013,1,0,0,0,0,0,0,,2,25,7,4,1,0,1,1,0,0,22,1,0,1,1,0,0,0,0,0,0,0,0,companies_posts_columns,6/28/2016,947,472,10/9/2013,11/24/2013,2,6,2,6,0,6,0,6,6,0,6,0,6,6,0,6,0,6,2,0,2,0.333333333,4,0,3,0.666666667,6,0,0,0,0,0,0,0,0,0,0,0,0,companies_posts_comments_columns,10/9/2013,10/9/2013,1,1,2,0,0,0,0,0,0,0,companies_posts_reactions_columns,10/9/2013,11/24/2013,4,6,4,0,0,0,0,0,0,0
1,forceliquidated,2.13035E+14,514527993,10/19/2015,253,0,0,0,2,companies_general_info_columns,1,1,1,,0,,0,599,1,1,1,13,13,0,1,1,1,0,0,0,1,FALSE,,FALSE,FALSE,,,0,0,,,,,,,,,Local Business,Home Decor,1980,1896,companies_events_columns,,,0,0,,,,,,,,,,,,,,,,,,,,,companies_photos,6/14/2011,3/25/2015,1,0,21,37,0.184079602,0,4,1.761904762,20,201,15,12,1,0,1,1,0,0,145,49,0,5,2,0,0,0,0,1,0,0,1,companies_posts_columns,6/28/2016,461,208,6/14/2011,3/25/2015,23,83,36,81,2,79,63,18,81,2,79,63,18,83,2,81,64,19,69,0,6,0.831325301,722,0,29,8.698795181,83,0,0,0,0,0,0,0,0,0,0,0,0,companies_posts_comments_columns,11/17/2011,5/23/2014,16,35,37,0,0,0,0,0,0,0,companies_posts_reactions_columns,6/14/2011,3/25/2015,66,83,212,0,0,3,0,0,3,0
1,rasham,1.04282E+14,515310183,6/28/2016,0,0,0,0,0,companies_general_info_columns,1,0,0,,0,,0,455,1,1,1,0,0,0,0,0,0,0,0,0,0,FALSE,,FALSE,FALSE,,,0,0,,,,,,,,,Automobiles and Parts,,1980,1896,companies_events_columns,,,0,0,,,,,,,,,,,,,,,,,,,,,companies_photos,11/18/2015,11/18/2015,1,0,0,0,0,0,0,,1,13,2,0,0,1,0,1,0,0,0,0,11,0,2,0,0,0,0,13,0,0,13,companies_posts_columns,6/28/2016,209,209,9/11/2015,12/2/2015,3,13,0,13,0,13,0,13,13,0,13,0,13,12,0,12,0,12,0,0,0,0,0,0,0,0,12,0,1,0,1,0,0,0,0,1,0,1,0.076923077,companies_posts_comments_columns,,,0,0,0,0,0,0,0,0,0,0,companies_posts_reactions_columns,9/11/2015,12/2/2015,4,13,1,0,0,1,0,0,1,0
1,rasham,1.0432E+14,513907493,6/28/2016,0,27,2,0,5,companies_general_info_columns,1,0,0,97235581141,1,,0,40,0,1,1,3,3,1,0,1,1,0,0,0,1,FALSE,,FALSE,FALSE,,,0,0,,,,,,,,,Local Business,Local Business,1980,1896,companies_events_columns,,,0,0,,,,,,,,,,,,,,,,,,,,,companies_photos,3/11/2011,3/11/2011,1,0,0,0,0,0,0,,1,1,1,0,0,0,0,1,0,0,0,0,0,0,1,0,0,0,0,0,0,0,0,companies_posts_columns,6/28/2016,,,,,0,0,0,0,0,0,0,0,0,0,0,0,0,0,0,0,0,0,0,0,0,0,0,0,0,0,1,0,0,0,0,0,0,0,0,0,0,0,0,,,,,,,,,,,,,,,,,,,,,,,,,,
2,forceliquidated,1.21735E+14,510971229,6/15/1994,8049,45,0,0,0,companies_general_info_columns,1,1,1,03-6122061,1,,0,79,0,1,1,0,0,0,1,1,0,0,0,0,0,FALSE,,FALSE,FALSE,,1/1/2004,1,1,,,143,22,160,20,,,Company,,1980,1896,companies_events_columns,,,0,0,,,,,,,,,,,,,,,,,,,,,companies_photos,3/8/2013,5/22/2016,1,0,0,0,0,0,0,,22,96,4,1,1,0,1,1,0,0,4,87,0,2,3,0,0,0,0,0,0,0,0,companies_posts_columns,6/28/2016,37,-8012,3/9/2013,5/22/2016,22,55,9,53,0,53,1,52,54,0,54,1,53,50,0,50,1,49,8,0,2,0.145454546,74,0,6,1.345454545,50,0,5,0,5,0,0,0,0,5,0,2,0.090909091,companies_posts_comments_columns,3/24/2013,5/22/2016,6,7,7,0,0,0,0,0,0,0,companies_posts_reactions_columns,3/9/2013,5/22/2016,48,55,33,0,0,0,0,0,0,0
1,forceliquidated,3.53358E+14,513437343,6/11/2012,1478,11,0,3,2,companies_general_info_columns,1,1,1,1700-700-642,1,,0,14556,1,1,1,0,0,159,1,1,1,0,0,0,1,FALSE,,FALSE,FALSE,,,0,1,519,85,115,16,116,13,,,Shopping/Retail,Outdoor Equipment Store,1980,1896,companies_events_columns,,,0,0,,,,,,,,,,,,,,,,,,,,,companies_photos,12/30/2014,6/23/2016,1,0,1,1,8.29E-04,0,1,1,19,1206,23,19,1,1,1,1,0,0,236,946,10,13,1,0,0,0,0,0,0,0,0,companies_posts_columns,6/28/2016,13,-1465,12/30/2014,6/15/2016,19,878,331,863,61,802,705,158,863,61,802,705,158,870,62,808,707,163,1384,0,95,1.576309795,11259,0,152,12.82346241,870,0,8,4,4,8,0,3,0.009111617,51,0,22,0.05808656,companies_posts_comments_columns,1/1/2015,6/1/2016,18,347,444,0,0,0,0,0,0,0,companies_posts_reactions_columns,12/30/2014,6/15/2016,875,878,2528,0,0,0,0,0,0,0
1,forceliquidated,3.96267E+14,513945972,9/15/2011,1748,0,0,1,0,companies_general_info_columns,1,1,1,1700-700-272,1,,0,31,0,1,1,0,0,0,1,1,1,0,0,0,1,FALSE,,FALSE,FALSE,,,0,1,702,102,,,,,,,Retail and Consumer Merchandise,,1980,1896,companies_events_columns,,,0,0,,,,,,,,,,,,,,,,,,,,,companies_photos,7/26/2012,7/26/2012,1,0,0,0,0,0,0,,1,2,2,0,0,0,1,1,0,0,0,0,0,1,1,0,0,0,0,0,0,0,0,companies_posts_columns,6/28/2016,1390,-358,7/25/2012,9/7/2012,3,27,0,26,0,26,0,26,27,0,27,0,27,27,0,27,0,27,0,0,0,0,33,0,3,1.222222222,27,0,0,0,0,0,0,0,0,0,0,0,0,companies_posts_comments_columns,,,0,0,0,0,0,0,0,0,0,0,companies_posts_reactions_columns,7/25/2012,9/7/2012,14,27,4,0,0,0,0,0,0,0
1,rasham,1.09424E+14,514373950,6/28/2016,0,0,0,4,2,companies_general_info_columns,1,0,0,,0,,0,8,0,0,1,0,0,0,0,1,0,0,0,0,0,FALSE,,FALSE,FALSE,,1/1/2010,1,1,,,,,15,2,,,Company,,1980,1896,companies_events_columns,,,0,0,,,,,,,,,,,,,,,,,,,,,companies_photos,11/3/2010,8/27/2011,1,0,0,0,0,0,0,,2,169,16,15,0,0,0,1,0,0,168,0,0,0,1,0,0,0,0,0,0,0,0,companies_posts_columns,6/28/2016,1767,1767,11/3/2010,8/27/2011,3,18,0,18,0,18,0,18,18,0,18,0,18,17,0,17,0,17,0,0,0,0,2,0,2,0.111111111,17,0,1,0,1,0,0,0,0,0,0,0,0,companies_posts_comments_columns,,,0,0,0,0,0,0,0,0,0,0,companies_posts_reactions_columns,11/3/2010,8/27/2011,7,18,2,0,0,0,0,0,0,0
1,rasham,1.09481E+14,514435163,6/28/2016,0,0,0,0,0,companies_general_info_columns,1,0,0,054-8008585 08-8522999,1,,0,56,0,1,1,0,0,0,0,1,0,0,0,0,0,FALSE,,FALSE,FALSE,,,0,1,,,110,30,,,,,Community,,1980,1896,companies_events_columns,,,0,0,,,,,,,,,,,,,,,,,,,,,companies_photos,4/29/2010,12/15/2010,1,0,0,0,0,0,0,,3,9,2,1,0,0,0,1,0,0,5,0,0,0,4,0,0,0,0,0,0,0,0,companies_posts_columns,6/28/2016,1254,1254,4/29/2010,1/21/2013,4,4,2,2,0,2,0,2,2,0,2,0,2,1,0,1,0,1,1,0,1,0.25,3,0,3,0.75,1,0,3,0,3,2,0,2,0.5,0,0,0,0,companies_posts_comments_columns,9/24/2010,1/21/2013,2,2,3,0,0,0,0,0,0,0,companies_posts_reactions_columns,4/29/2010,1/21/2013,4,4,3,0,0,0,0,0,0,0
2,forceliquidated,1.17002E+14,514302454,11/2/2015,239,0,0,1,2,companies_general_info_columns,1,1,1,36959763,1,,0,5078,1,1,1,0,0,1,1,1,1,0,0,0,1,FALSE,,FALSE,FALSE,,,0,1,167,26,22,5,,,,,Company,Workplace & Office,1980,1896,companies_events_columns,,,0,0,,,,,,,,,,,,,,,,,,,,,companies_photos,1/15/2012,6/14/2015,1,14,11,31,0.885714286,0,6,2.214285714,12,35,7,4,1,0,1,1,0,0,19,10,0,1,5,0,0,0,3,0,0,3,3,companies_posts_columns,6/28/2016,380,141,2/28/2012,6/14/2015,22,52,21,47,2,45,33,14,51,2,49,34,17,52,2,50,34,18,42,0,7,0.807692308,1595,0,200,30.67307692,52,0,0,0,0,0,0,0,0,0,0,0,0,companies_posts_comments_columns,6/17/2012,10/5/2014,10,18,38,0,0,0,0,0,0,0,companies_posts_reactions_columns,2/28/2012,6/14/2015,52,52,1869,0,21,8,8,21,31,0
1,rasham,1.08361E+14,513286898,6/28/2016,0,2,0,2,0,companies_general_info_columns,1,0,0,46454370,1,,0,25,0,1,1,0,0,0,0,1,1,0,0,0,1,FALSE,,FALSE,FALSE,,,0,1,425,63,39,7,,,,,Community,,1980,1896,companies_events_columns,,,0,0,,,,,,,,,,,,,,,,,,,,,companies_photos,3/2/2011,3/2/2011,1,0,0,0,0,0,0,,1,1,1,0,0,0,0,1,0,0,0,0,0,0,1,0,0,0,0,0,0,0,0,companies_posts_columns,6/28/2016,1398,1398,3/2/2011,8/30/2012,3,5,2,3,0,3,0,3,4,0,4,0,4,1,0,1,0,1,2,0,2,0.4,3,0,3,0.6,1,0,4,0,4,2,0,2,0.4,2,0,2,0.4,companies_posts_comments_columns,3/2/2011,8/30/2012,2,2,4,0,0,0,0,0,0,0,companies_posts_reactions_columns,3/2/2011,8/30/2012,5,5,5,0,0,0,0,0,0,0
2,rasham,1.06663E+14,514453281,6/28/2016,0,7,0,0,0,companies_general_info_columns,1,0,0,052-2127658,1,,0,53,0,1,1,0,0,0,0,0,0,0,0,0,0,FALSE,,FALSE,FALSE,,,0,1,66,11,,,,,,,Company,,1980,1896,companies_events_columns,,,0,0,,,,,,,,,,,,,,,,,,,,,companies_photos,3/31/2010,3/7/2011,1,0,0,0,0,0,0,,3,5,2,0,1,0,0,1,0,0,0,1,0,0,4,0,0,0,0,0,0,0,0,companies_posts_columns,6/28/2016,1477,1477,12/14/2010,6/12/2012,5,7,0,2,0,2,0,2,2,0,2,0,2,5,0,5,0,5,0,0,0,0,6,0,3,0.857142857,5,0,2,0,2,0,0,0,0,0,0,0,0,companies_posts_comments_columns,,,0,0,0,0,0,0,0,0,0,0,companies_posts_reactions_columns,12/14/2010,6/12/2012,7,7,5,0,0,0,0,0,0,0
1,rasham,1.06709E+14,514467471,6/28/2016,0,0,0,0,0,companies_general_info_columns,1,0,0,,0,,0,160,1,1,1,0,0,1,1,0,0,0,0,0,0,FALSE,,FALSE,FALSE,,11/29/1998,1,1,680,103,74,11,197,32,231,31,Product/Service,,1980,1896,companies_events_columns,2/1/2011,4/18/2013,3,3,14,1,7,4.666666667,6,0,3,2,40,0,26,13.33333333,6,0,3,2,0,0,0,0,companies_photos,11/30/2010,4/14/2016,1,5,16,35,0.029411765,0,4,1.75,41,1190,41,37,1,1,1,1,0,0,652,31,501,5,1,0,0,54,47,96,17,101,214,companies_posts_columns,6/28/2016,72,72,11/29/1998,4/17/2016,46,126,20,115,1,114,35,80,122,1,121,35,87,122,1,121,35,87,37,0,24,0.293650794,441,0,39,3.5,122,0,4,0,4,0,0,0,0,1,0,1,0.007936508,companies_posts_comments_columns,9/10/2012,2/22/2016,7,10,28,0,1,4,1,1,4,0,companies_posts_reactions_columns,11/29/1998,4/17/2016,105,126,106,18,13,20,4,22,33,0
1,rasham,1.07833E+15,514417393,6/28/2016,0,0,0,1,0,companies_general_info_columns,1,0,0,49828447,1,,0,25,0,1,1,0,0,0,1,1,1,0,0,0,1,FALSE,,FALSE,FALSE,,,0,1,362,59,105,15,,,,,Home Improvement,"Home Window Service,Glass Service,Blinds & Curtains",1980,1896,companies_events_columns,,,0,0,,,,,,,,,,,,,,,,,,,,,companies_photos,6/22/2015,8/30/2015,1,0,0,0,0,0,0,,3,18,3,0,0,1,1,1,0,0,0,0,16,1,1,0,0,0,0,0,16,0,16,companies_posts_columns,6/28/2016,303,303,6/22/2015,8/30/2015,3,5,1,5,0,5,0,5,5,0,5,0,5,5,0,5,0,5,1,0,1,0.2,2,0,1,0.4,5,0,0,0,0,0,0,0,0,0,0,0,0,companies_posts_comments_columns,7/7/2015,7/7/2015,1,1,1,0,0,0,1,0,1,0,companies_posts_reactions_columns,6/22/2015,8/30/2015,4,5,1,0,0,0,1,0,1,0
1,rasham,1.07845E+14,511348195,6/28/2016,0,2,0,1,0,companies_general_info_columns,1,0,0,04-6268500,1,,0,182,1,1,1,0,0,2,1,1,1,0,0,0,1,FALSE,,FALSE,FALSE,,1/1/1989,1,1,1240,209,52,9,112,16,86,14,Tours/Sightseeing,Tours & Sightseeing,1980,1896,companies_events_columns,2/7/2013,2/7/2013,1,1,11,11,11,11,6,6,6,6,306,306,306,306,6,6,6,6,38,38,38,38,companies_photos,2/6/2011,3/23/2016,1,0,3,6,0.014423077,0,2,2,9,416,14,11,1,0,1,1,0,0,406,4,0,3,3,0,0,0,2,0,0,2,2,companies_posts_columns,6/28/2016,29,29,2/6/2011,5/30/2016,33,93,12,74,0,74,1,73,83,0,83,1,82,87,0,87,1,86,7,0,1,0.075268817,79,0,5,0.849462366,87,0,6,0,6,2,0,1,0.021505376,4,0,2,0.043010753,companies_posts_comments_columns,2/27/2011,3/23/2016,8,9,6,0,1,0,0,1,1,0,companies_posts_reactions_columns,2/6/2011,5/30/2016,82,93,26,0,9,3,2,9,12,0
1,rasham,1.00198E+14,511631087,6/28/2016,0,9,0,0,0,companies_general_info_columns,1,0,0,052-2320948,1,,0,22,0,1,1,0,0,0,1,0,0,0,0,0,0,FALSE,,FALSE,FALSE,,1/1/1990,1,1,268,40,63,8,617,84,,,Engineering/Construction,,1980,1896,companies_events_columns,,,0,0,,,,,,,,,,,,,,,,,,,,,companies_photos,7/26/2011,12/7/2014,1,0,0,0,0,0,0,,4,14,7,5,0,0,1,1,0,0,12,0,0,1,1,0,0,0,0,0,0,0,0,companies_posts_columns,6/28/2016,569,569,7/26/2011,12/7/2014,5,10,1,9,0,9,2,7,9,0,9,2,7,9,0,9,2,7,1,0,1,0.1,16,0,10,1.6,9,0,1,0,1,0,0,0,0,0,0,0,0,companies_posts_comments_columns,11/4/2013,11/4/2013,1,1,1,0,0,0,0,0,0,0,companies_posts_reactions_columns,7/26/2011,12/7/2014,9,10,12,0,0,0,0,0,0,0
